source_path	source_sha256	status	godot_file
SPD-classes/src/main/java/com/watabou/glscripts/Script.java	6e17e16e592ee1b5cfeb50c29a5d60cc235f4bdca202612007e9a60dcbe3cd66	unported	-
SPD-classes/src/main/java/com/watabou/gltextures/Atlas.java	980de0aaec00c824e9fb197598279208b8e9fe9a8f96c3d687918eb10db9ae74	unported	-
SPD-classes/src/main/java/com/watabou/gltextures/SmartTexture.java	7aacad3641368046f1c6279a115d7bcde679ecf7765da85f6901a1f4ddf6158b	unported	-
SPD-classes/src/main/java/com/watabou/gltextures/TextureCache.java	edce54eba3c0867d2fda7778524d5b0649ab5a3012293fe7639132f55b0288d3	unported	-
SPD-classes/src/main/java/com/watabou/glwrap/Attribute.java	8173df61b9bfe3c3d1202b09b9bfca0ad4a023a767b788ecb4795685fb27fe7d	unported	-
SPD-classes/src/main/java/com/watabou/glwrap/Blending.java	58516562b57a7066db983ac32ba8aadf97edde7849dd3825a1e95b542d95b6e6	unported	-
SPD-classes/src/main/java/com/watabou/glwrap/Framebuffer.java	0a70c1300679d13327b8c70942132a4c9668ef8adbdf60ca5760f8a4ee21e409	unported	-
SPD-classes/src/main/java/com/watabou/glwrap/Matrix.java	cda6fc2c89381dd9a778518955dad90895505c7ae60f5477a533dd3ac7ec752b	unported	-
SPD-classes/src/main/java/com/watabou/glwrap/Program.java	45402f1546ee8a71881664e10809d62594a960a8baccc89282e435bb103edde5	unported	-
SPD-classes/src/main/java/com/watabou/glwrap/Quad.java	f9854083b086460bcf7488a51a7a95a24ccd7e661901ed8f015727f2f27a25bf	unported	-
SPD-classes/src/main/java/com/watabou/glwrap/Renderbuffer.java	cbd1cad9015217e89938a92da94ba69de79ff0e7dbbbc6a482f9ab897dc7af8a	unported	-
SPD-classes/src/main/java/com/watabou/glwrap/Shader.java	0a9626a1db78223b4604c75fc31bb6b66d7889f720c643c1ce60211c03c7c559	unported	-
SPD-classes/src/main/java/com/watabou/glwrap/Texture.java	1ec27149970329246264c7690c843f8662dbc3a333ddb6f94f01e1b8a5bab70f	unported	-
SPD-classes/src/main/java/com/watabou/glwrap/Uniform.java	87868c7c5ec69141afa32f01f9015f7bc841167c6e18d40ab19bb6903dabdc38	unported	-
SPD-classes/src/main/java/com/watabou/glwrap/Vertexbuffer.java	731db7005591d6965f58bb73d2e68687c5058678c7fe65b226ae42632c0204cb	unported	-
SPD-classes/src/main/java/com/watabou/input/ControllerHandler.java	4ac114b2f8575a202b5b9eecbc05b4dfc6dc258a0286bed1f430005ac7005f5f	unported	-
SPD-classes/src/main/java/com/watabou/input/GameAction.java	fe2721640e2fea82834632e99b52381d5b056823100084bf8a2749efb4e6136f	unported	-
SPD-classes/src/main/java/com/watabou/input/InputHandler.java	b9267cbe16bd6be2404c2c461a43bd6549b38a567184a9feac235fc86f952f04	unported	-
SPD-classes/src/main/java/com/watabou/input/KeyBindings.java	2d5925344d745e471a9f2be3d84b84c5c566a142af478809a8618fb747da7f53	unported	-
SPD-classes/src/main/java/com/watabou/input/KeyEvent.java	c3fe49f977a47bd50c7a6c5b7015daff7d77f63db42ebebf9c2ffca820dfef00	unported	-
SPD-classes/src/main/java/com/watabou/input/PointerEvent.java	02675e2c2961582002470b36c567548644a5d7841222aea00ea09c1d9ae16746	unported	-
SPD-classes/src/main/java/com/watabou/input/ScrollEvent.java	a4f1c2b327e6b92f0d6614074c64c84a2c29939b48ddeff8cea7086ba8203424	unported	-
SPD-classes/src/main/java/com/watabou/noosa/BitmapText.java	1bb375ff7ea86b370306e13917ef3afa710be6ac8880690108212b1c7121cda1	unported	-
SPD-classes/src/main/java/com/watabou/noosa/Camera.java	336c0cc519636377e38a33707cb243c0fb5b5fb44bc6c5d45f30a28382240a12	unported	-
SPD-classes/src/main/java/com/watabou/noosa/ColorBlock.java	12dfc3a1c59d0d1eda6a3788f8077d3de5fe75850f976ffa9d6bbef26b211c5b	unported	-
SPD-classes/src/main/java/com/watabou/noosa/Game.java	4d237dd8c5053ae9db1708450291993bea5d14fcedaeda53089db423e93f269a	unported	-
SPD-classes/src/main/java/com/watabou/noosa/Gizmo.java	cba7a97819c10caea7375807f7a2c99e27e68c82a613fae12284de6b849b0748	unported	-
SPD-classes/src/main/java/com/watabou/noosa/Group.java	7f18fac483cfefdb6b8ab092cef82acabed2ba1bfa5e6029d7ba2e6e67af5288	unported	-
SPD-classes/src/main/java/com/watabou/noosa/Halo.java	bd7d49cabf31adf0b075c0b5b573026876f0c6a44a7e2d14c81101c9254c9706	unported	-
SPD-classes/src/main/java/com/watabou/noosa/Image.java	d4af946642bd03cc736955d72aadf919a10a1891c4bae23baa6d2a62455e76bf	unported	-
SPD-classes/src/main/java/com/watabou/noosa/MovieClip.java	7cf596bd2789cab3e9947e486787e279eb82fd51d9f00d14d71db388829061e5	unported	-
SPD-classes/src/main/java/com/watabou/noosa/NinePatch.java	36a5ff27849d3c9dc2e31cb0303921d1b80622a4645ae925aa6b74415f9ee70d	unported	-
SPD-classes/src/main/java/com/watabou/noosa/NoosaScript.java	9a208b30649403b09eda71d17454c42dca82948b733bec4e8a6a3170d9b73992	unported	-
SPD-classes/src/main/java/com/watabou/noosa/NoosaScriptNoLighting.java	0eeab2a97a84c5b9ea64c74e213581154000fef5ae8e15ba75e51ec102a40fc2	unported	-
SPD-classes/src/main/java/com/watabou/noosa/PointerArea.java	bbedca7261d005f7a3127340db0c84771afb066abb80a79e1bd90f81ea19df41	unported	-
SPD-classes/src/main/java/com/watabou/noosa/PseudoPixel.java	b31fb7713f51eff962ba04838af5ecdbb1e3d752da28d2b21c360bd045c346a0	unported	-
SPD-classes/src/main/java/com/watabou/noosa/RenderedText.java	3f3d88c016c6c390facac15d8cade35306b9c17dceae5ebb8b7170a1b08c9a3a	unported	-
SPD-classes/src/main/java/com/watabou/noosa/Resizable.java	f66c7508b47cf79b748c45104fce79063b068e249e59b945c75a8a680c069d58	unported	-
SPD-classes/src/main/java/com/watabou/noosa/Scene.java	9a8604ca571949db000bf50ca18fb49304eb922e0506417f3cab7440978e7b31	unported	-
SPD-classes/src/main/java/com/watabou/noosa/ScrollArea.java	02bc1a414164cd367ca0e7970e48a6506815d4d7351e4b4b7785916e7ccf5f8f	unported	-
SPD-classes/src/main/java/com/watabou/noosa/SkinnedBlock.java	35a81c0c005800bc225f38cb08347f8a93d4d0bd2bd54c7f87a7306aa23e3208	unported	-
SPD-classes/src/main/java/com/watabou/noosa/TextInput.java	272cb56a4b3f138cb9c87860c55792cef9d2604ac882bbd7545f3943520dc7ef	unported	-
SPD-classes/src/main/java/com/watabou/noosa/TextureFilm.java	251aebbf8d9c4fa52b3af575578e617e3a7ba41d35c051c9dc9d430a01b3991d	unported	-
SPD-classes/src/main/java/com/watabou/noosa/Tilemap.java	3bed3dc96f80399b1133fe9a5fc21839e34e3d0a381f8287beaebdc7b38c6558	unported	-
SPD-classes/src/main/java/com/watabou/noosa/Visual.java	367ac4fcd23ab329a385daeeb916aaff7455d154162283ef135425b3acc13bac	unported	-
SPD-classes/src/main/java/com/watabou/noosa/audio/Music.java	0169db0a4f03fee97984a740c4f32837e054f20b32faeda297d67442a2aabec3	unported	-
SPD-classes/src/main/java/com/watabou/noosa/audio/Sample.java	d1da2af17acd2e7d9cb12e22c86cf6787ec89cc12412d0389c02a2bb5b703f99	unported	-
SPD-classes/src/main/java/com/watabou/noosa/particles/BitmaskEmitter.java	84a4ee6a899620f00b0bab7122090dacbbddc3dd5ccd9cca062832812652572b	unported	-
SPD-classes/src/main/java/com/watabou/noosa/particles/Emitter.java	d1955085597e999e32e2edd1e455ff5b66970ad1151bcf4281bfa3190324c9a1	unported	-
SPD-classes/src/main/java/com/watabou/noosa/particles/PixelParticle.java	babfe0d772e2eaf9851f09876873a29f2c0b161a96953c91f266308af5570848	unported	-
SPD-classes/src/main/java/com/watabou/noosa/tweeners/AlphaTweener.java	b672366f771ea7e115a92c858a37ce367b0cf9dfb3b451b0f502fd3915307135	unported	-
SPD-classes/src/main/java/com/watabou/noosa/tweeners/CameraScrollTweener.java	839df6409c29e6bfca516ab3f62d5633dad3ab80ddc108607f6bccef134c6a4e	unported	-
SPD-classes/src/main/java/com/watabou/noosa/tweeners/Delayer.java	3bcafa8de21df084c06499a08b78d6c1960cb3d34cc18c906c85aa2cb3d6609e	unported	-
SPD-classes/src/main/java/com/watabou/noosa/tweeners/PosTweener.java	b48d0ca4042f61f9faaf989e26825a9505585f2f8867b17198c191e49f9b3053	unported	-
SPD-classes/src/main/java/com/watabou/noosa/tweeners/ScaleTweener.java	3af6d39f7f8c9008bfcb266c4a94518469e53fccd8d665f8389adbc3be6c7596	unported	-
SPD-classes/src/main/java/com/watabou/noosa/tweeners/Tweener.java	fa36c9fb26ac13c1b396445a9adf0e517df22f663c99cf2b9ff10caad7885f3c	unported	-
SPD-classes/src/main/java/com/watabou/noosa/ui/Component.java	166c8a21e52a805479d6e5513fd474ce315242f3e52fb7b8d35fb61f8f71ee3f	unported	-
SPD-classes/src/main/java/com/watabou/noosa/ui/Cursor.java	1dcb3fa2d52954a172c881f5df89f606908454d1f436749f76ec7c2865aa573f	unported	-
SPD-classes/src/main/java/com/watabou/utils/BArray.java	245ac1220c3dd2a3ba2b441150af76772fa9f9698bacb069b9147ea704dc6221	ported_unwired	spd_barray.gd
SPD-classes/src/main/java/com/watabou/utils/BitmapCache.java	39f0a6c349e8cb62e39935290f6ec326d7286bd62f6eff8824b96bc14d42c9fe	unported	-
SPD-classes/src/main/java/com/watabou/utils/BitmapFilm.java	93d3801a3f074c43a22274191ad4e99ee6ac593a4adb1293c5e1704d9365e80f	unported	-
SPD-classes/src/main/java/com/watabou/utils/Bundlable.java	32f119d8532cab429da2752f47e37c5266202a08f1f48348b2cfe1d84479c391	unported	-
SPD-classes/src/main/java/com/watabou/utils/Bundle.java	f0a80f291cf86581922c9847ce9b0293fe460ecb1fc61510635cec11097680b1	unported	-
SPD-classes/src/main/java/com/watabou/utils/Callback.java	defb8cfce0e8501c16e9c14c390273498b6de71ee1467ba8a00f33b1382603dd	unported	-
SPD-classes/src/main/java/com/watabou/utils/ColorMath.java	c58219a96ae8cfb5e80ccd91465b61a7f73599dce69f95bf35eefe0b86f5ccd7	unported	-
SPD-classes/src/main/java/com/watabou/utils/DeviceCompat.java	ece23dc7fc039d60bbf8ad6b625b360335ebde23c6edb7b00227bb24bf13acd0	unported	-
SPD-classes/src/main/java/com/watabou/utils/FileUtils.java	355fc24726268b998e42d389b44e777f0325c5220c6ed4d4774b699bebe05b5c	unported	-
SPD-classes/src/main/java/com/watabou/utils/GameMath.java	94ed706609f4d085bdd6983da9f76561c9a926185297c997bae56e4cab3b9580	ported_unwired	spd_game_math.gd
SPD-classes/src/main/java/com/watabou/utils/GameSettings.java	db07cd19ccd5c5d6a277ce155a373240845e73f6061ba9ba2baa2ba7cb459a1c	unported	-
SPD-classes/src/main/java/com/watabou/utils/Graph.java	1bb6f513c953e483e9dc559a2c85cbe62822edd0288aa6cb0c0edb1574ba5fe6	ported_unwired	spd_graph.gd
SPD-classes/src/main/java/com/watabou/utils/PathFinder.java	b8d79f9d5eb784553c3ccde7e22429ab245a8e1fbc55b2d6763d6caa1e39dde6	partial	spd_pathfinder.gd
SPD-classes/src/main/java/com/watabou/utils/PlatformSupport.java	6b828bbbfe96ea10ec2d1fa59e44e6b9578fca59700b164133859c21d8ca1200	unported	-
SPD-classes/src/main/java/com/watabou/utils/Point.java	b90341b32e6f775cc405a4ee5300447a8373fa4b7a94171a8b8353717c6bd858	ported_unwired	spd_point.gd
SPD-classes/src/main/java/com/watabou/utils/PointF.java	977112401bceac549932bb2de0a23b14f816b2cb3d76337c63ebe07012b777b2	ported_unwired	spd_pointf.gd
SPD-classes/src/main/java/com/watabou/utils/Random.java	5a1d300938e14850e3fc8d607265c3aa1c23a5e6a33dd7b5f32b5e6a30b232f6	partial	spd_random.gd
SPD-classes/src/main/java/com/watabou/utils/Rect.java	fa459a690fbecddd66ea932e23c67d181f7835b56018b6c29ad8fee4380bb88c	ported_unwired	spd_rect.gd
SPD-classes/src/main/java/com/watabou/utils/RectF.java	277a9d7e3a52543246b18bc452d194bfb8735889b2b58d49e20eb507eace3ea4	unported	-
SPD-classes/src/main/java/com/watabou/utils/Reflection.java	35ca91e741b15c9d54e552c00d1ca81ec467cbc1fb64220465c5d7a680056875	unported	-
SPD-classes/src/main/java/com/watabou/utils/Signal.java	4336cc88ca81233731d61a5553b9e3a9de088f8c0301212f12da728f01c4f522	unported	-
SPD-classes/src/main/java/com/watabou/utils/SparseArray.java	dd1a5f58a5c2decf1d6c3b3c8bd0d8f5db318a7b55c2068057b4e960d957cff7	unported	-
android/src/main/java/com/shatteredpixel/shatteredpixeldungeon/android/AndroidBackupHandler.java	d456dde33ab20688e5c0990a5036f99157bb2141c23b28b43326bcf8a079917f	unported	-
android/src/main/java/com/shatteredpixel/shatteredpixeldungeon/android/AndroidLauncher.java	1e02e625279e39e4dfd396ed97fc3b0e0946f2a7d6ebbda6b2284b4f56d35e4b	unported	-
android/src/main/java/com/shatteredpixel/shatteredpixeldungeon/android/AndroidMissingNativesHandler.java	443284f266bfe47dd3b3f9620ee44239dd192c5e322668aa57474b6110544ec6	unported	-
android/src/main/java/com/shatteredpixel/shatteredpixeldungeon/android/AndroidPlatformSupport.java	e5d8609d5594fa52222cf1ff51abe32c1307a29c0c7cd727b8b9196e063693fa	unported	-
core/src/main/java/com/shatteredpixel/shatteredpixeldungeon/Assets.java	02358dbdf46511e16f129bb93fa2adee3fd250657fe13cc8fa26aa4a55948628	unported	-
core/src/main/java/com/shatteredpixel/shatteredpixeldungeon/Badges.java	183a727f642c4c10546e4fc4001e78d828cbe74faa9650547f68b4901cdaf06c	unported	-
core/src/main/java/com/shatteredpixel/shatteredpixeldungeon/Bones.java	a82b8ca75fc15f4b7d0a69dd9c670516e565d22f153fd94680bd607fce2f87ee	unported	-
core/src/main/java/com/shatteredpixel/shatteredpixeldungeon/Challenges.java	6d5d6002cf636d2b1106f692cb571f3227dd694b9fe26f87199d2f515fac38ce	unported	-
core/src/main/java/com/shatteredpixel/shatteredpixeldungeon/Chrome.java	e6b1d30508c1bb273d2e03612843892ac9450713de9be217b5000a3694adfa25	unported	-
core/src/main/java/com/shatteredpixel/shatteredpixeldungeon/Dungeon.java	c0e17cfad60900c5e56ca8da25e47271a358cd56409a37c9de52bf941b4ae9bc	partial	spd_floor_seed.gd;run.gd
core/src/main/java/com/shatteredpixel/shatteredpixeldungeon/GamesInProgress.java	8f0a94f7b8093a8fc9f073fc7d16098ba43d9b6f9e49d5ba54c625da0f79ba34	unported	-
core/src/main/java/com/shatteredpixel/shatteredpixeldungeon/QuickSlot.java	9c187a5575377b9874b24345eda3c49c080e67ad122a47b864736d95aeaa215c	unported	-
core/src/main/java/com/shatteredpixel/shatteredpixeldungeon/Rankings.java	c4f33659f5d513c815963e75d6fa12008b35ba7ebee5b4e84674337c07038208	unported	-
core/src/main/java/com/shatteredpixel/shatteredpixeldungeon/SPDAction.java	5ef316a6bc501a46de49a10c7e582dc384045d44a701c4eca529adeb1be0f5ca	unported	-
core/src/main/java/com/shatteredpixel/shatteredpixeldungeon/SPDSettings.java	6833fd057d989628d849c9461f3be3c1640c4b1ef3d100f07d6fc7f4cf6d3b5d	unported	-
core/src/main/java/com/shatteredpixel/shatteredpixeldungeon/ShatteredPixelDungeon.java	58e2a6a9c0110133e8ad8be26c7acaa248cb4210886bd99d795496fbd57ecdce	unported	-
core/src/main/java/com/shatteredpixel/shatteredpixeldungeon/Statistics.java	d79128b58c68a747f77509d12561dbc7ffe0a43c7a92cf1d2bc7e44354113885	unported	-
core/src/main/java/com/shatteredpixel/shatteredpixeldungeon/actors/Actor.java	05043c6808ff75ca1a325fbdd43abcd29b6f5a567c72d14a58baeab690811049	partial	spd_actor_clock.gd
core/src/main/java/com/shatteredpixel/shatteredpixeldungeon/actors/Char.java	9f3efa611fcd55448ddf82d720194c069ffc1471f0c2f85658df809f927dd6a0	partial	spd_combat.gd
core/src/main/java/com/shatteredpixel/shatteredpixeldungeon/actors/blobs/Alchemy.java	0c4b9e1e2f792fcaa6d99330ea26e6231d2c7df5c0ca64e2d23c078147904715	unported	-
core/src/main/java/com/shatteredpixel/shatteredpixeldungeon/actors/blobs/Blizzard.java	8d6f9e8e74763f0707ba833c9169bf4c81017163068303f5c39f512739739dd6	unported	-
core/src/main/java/com/shatteredpixel/shatteredpixeldungeon/actors/blobs/Blob.java	10f3dd43c38bbfa93d5799cc5af5b8fd6f40be39eb73548a0b77c1d3737f63d1	unported	-
core/src/main/java/com/shatteredpixel/shatteredpixeldungeon/actors/blobs/ConfusionGas.java	d1ee391dec65909b9ce959027401c2d0dde15f6ef94a87ff6ba293b614197130	unported	-
core/src/main/java/com/shatteredpixel/shatteredpixeldungeon/actors/blobs/CorrosiveGas.java	ce740e73aad4b5e0acd7b20c07c89920eeb929d2911e4120e05cedd26f9e086e	unported	-
core/src/main/java/com/shatteredpixel/shatteredpixeldungeon/actors/blobs/Electricity.java	1ebff109fceb9787d3d2989d2c6c228acf275426f39da761abc658aa06880f1c	unported	-
core/src/main/java/com/shatteredpixel/shatteredpixeldungeon/actors/blobs/Fire.java	0747cf36078868e2d5b7c23dad71a1acc34ef03039854d9e4c9e7b4e46e402c8	unported	-
core/src/main/java/com/shatteredpixel/shatteredpixeldungeon/actors/blobs/Foliage.java	4ebf128b38c44fcacf157e074df90c5c24225019a6741446ea47be0339f239ac	unported	-
core/src/main/java/com/shatteredpixel/shatteredpixeldungeon/actors/blobs/Freezing.java	aac64f18bed462bec7f2b882e27739f8677687e494055335ababa52521cc0218	unported	-
core/src/main/java/com/shatteredpixel/shatteredpixeldungeon/actors/blobs/GooWarn.java	8fe6518dc8da21414410056237eb714029c8b9ae240bca965e4e096a1c84d9c9	unported	-
core/src/main/java/com/shatteredpixel/shatteredpixeldungeon/actors/blobs/Inferno.java	b308bed8f7abce421295a8c37aa22e8bcbe5dec9a6811104dc6679febd888568	unported	-
core/src/main/java/com/shatteredpixel/shatteredpixeldungeon/actors/blobs/ParalyticGas.java	2ee53f0819b5f0c197a5561d44d0cfcb39c32c2cf97faeaca44e2197a417847e	unported	-
core/src/main/java/com/shatteredpixel/shatteredpixeldungeon/actors/blobs/Regrowth.java	8cf7f622c77e1f5934a9f373db87f520317b0248c5919e7ae0c918ed9f206118	unported	-
core/src/main/java/com/shatteredpixel/shatteredpixeldungeon/actors/blobs/SacrificialFire.java	f9fcf265024dc277683677aa0c0f8909cdcf13f90581ef5c78f4f1579b748e67	unported	-
core/src/main/java/com/shatteredpixel/shatteredpixeldungeon/actors/blobs/SmokeScreen.java	e0ddee5416ef8c0d1796be35f0b1d6d1d71655ece5e4cac0899959c346818d12	unported	-
core/src/main/java/com/shatteredpixel/shatteredpixeldungeon/actors/blobs/StenchGas.java	7ccbcb1490dd8daa751155c441529f2234b62a5835f86296adabfe8d85d994a0	unported	-
core/src/main/java/com/shatteredpixel/shatteredpixeldungeon/actors/blobs/StormCloud.java	c8c2a34dcda76c21d763016fbbbf0feebcce141bf9ac8dbb6c257563a8eb980c	unported	-
core/src/main/java/com/shatteredpixel/shatteredpixeldungeon/actors/blobs/ToxicGas.java	60a85bfc009031e3bde83ec181f50f005c0040e7785b748d7c569bd87caf80d1	unported	-
core/src/main/java/com/shatteredpixel/shatteredpixeldungeon/actors/blobs/VaultFlameTraps.java	8613439e999077bcd43de2645266253353d8008414d3bd9c7c66211cbe5344a8	unported	-
core/src/main/java/com/shatteredpixel/shatteredpixeldungeon/actors/blobs/WaterOfAwareness.java	b6232f270bd131cef8b70208a250caf0d66443aa647a59afac45ed42689f6c12	unported	-
core/src/main/java/com/shatteredpixel/shatteredpixeldungeon/actors/blobs/WaterOfHealth.java	3bac6f8a5c04121ec1b1f9c2ab0236a47ea18077208535bffde84ac9c76c938d	unported	-
core/src/main/java/com/shatteredpixel/shatteredpixeldungeon/actors/blobs/Web.java	d8caf2292dd699e2414974cce8b3e3e1184f587fd5c0df9a53b2493ca9938714	unported	-
core/src/main/java/com/shatteredpixel/shatteredpixeldungeon/actors/blobs/WellWater.java	b58b47222550fc2e925809de42743ff15e2ff692d73e08b9fc8fbfa7cec76c32	unported	-
core/src/main/java/com/shatteredpixel/shatteredpixeldungeon/actors/buffs/Adrenaline.java	7e715e1e130862a716b321d923a4b4a81a814bab789f211cc7fc1961b667a77c	unported	-
core/src/main/java/com/shatteredpixel/shatteredpixeldungeon/actors/buffs/AdrenalineSurge.java	4a4ce230da132a8d82407cb92355fbdfb26df77cc7091237e904de2b616343de	unported	-
core/src/main/java/com/shatteredpixel/shatteredpixeldungeon/actors/buffs/AllyBuff.java	c2e1fb5ee50682c9aada64cdccdaa076843ffe768ee309b429816238a9530e27	unported	-
core/src/main/java/com/shatteredpixel/shatteredpixeldungeon/actors/buffs/Amok.java	aa82b3bade28cdc0bb2b84a8f9685dd05fffdc99e44953782f9327b561ff9a52	unported	-
core/src/main/java/com/shatteredpixel/shatteredpixeldungeon/actors/buffs/ArcaneArmor.java	6fc7b6ed342541dc31e19d591808d1042b011bd000d350a6b8046d6e683987e8	unported	-
core/src/main/java/com/shatteredpixel/shatteredpixeldungeon/actors/buffs/ArtifactRecharge.java	721fbf2a67a801a2ce3ebf069fb7330ea53c680f06f041a6a7870821bd74783f	unported	-
core/src/main/java/com/shatteredpixel/shatteredpixeldungeon/actors/buffs/AscensionChallenge.java	f98b2873753f7ca9ce293dfe884e295a90e09fb66b6b0f73e23601626912748d	unported	-
core/src/main/java/com/shatteredpixel/shatteredpixeldungeon/actors/buffs/Awareness.java	452f98bace4c34cb3ac15c831a33b324facd689e0ee6675802b0133cb99566dc	unported	-
core/src/main/java/com/shatteredpixel/shatteredpixeldungeon/actors/buffs/Barkskin.java	6012e23482529d7ae17a3ded077d376c437b79807314093b90e56ab1e383851f	unported	-
core/src/main/java/com/shatteredpixel/shatteredpixeldungeon/actors/buffs/Barrier.java	4005f69130398078977243d12fa6ea1f0b094a5ac10d62c04a7babdc5dee0e3c	unported	-
core/src/main/java/com/shatteredpixel/shatteredpixeldungeon/actors/buffs/Berserk.java	1c31afa97b3019b061650b60caf012be0f3f274573cf7b8258dbd92b4513c6d6	unported	-
core/src/main/java/com/shatteredpixel/shatteredpixeldungeon/actors/buffs/Bleeding.java	31e1078bf6e1ecb37ffb325904c1b5b01cb9533fe0b937914a55b6d8c0a70a24	unported	-
core/src/main/java/com/shatteredpixel/shatteredpixeldungeon/actors/buffs/Bless.java	068a75baba5c5b7db6d76cdd6ebf0819d70ed8455fa0e79b473dc7e57cd59cbf	unported	-
core/src/main/java/com/shatteredpixel/shatteredpixeldungeon/actors/buffs/Blindness.java	f823e69eca61e259bd724c374e23980042f08f8c70b64cab38df5058a22851a2	unported	-
core/src/main/java/com/shatteredpixel/shatteredpixeldungeon/actors/buffs/BlobImmunity.java	b8ca4664e3683183350c4b7925c8856dc0f7c63c2ecdbdb372792e05174bbf79	unported	-
core/src/main/java/com/shatteredpixel/shatteredpixeldungeon/actors/buffs/Buff.java	1545341aa538eb858dd7524a436357aa1cd9d4420a89a170831c487166e82d07	unported	-
core/src/main/java/com/shatteredpixel/shatteredpixeldungeon/actors/buffs/Burning.java	37d5a6c198f37bd97aa8e18d7d79898c796f441fb2382b0476a8a59681be266f	unported	-
core/src/main/java/com/shatteredpixel/shatteredpixeldungeon/actors/buffs/ChampionEnemy.java	660c094ca8b14f0415f8e73f4c32c37a6fc617d55bbe3a81e28931a55b296eee	unported	-
core/src/main/java/com/shatteredpixel/shatteredpixeldungeon/actors/buffs/Charm.java	f2d88333856f1cb565f9f52785a8e4628ea0b458a7e2131fb13a348d442b6ddb	unported	-
core/src/main/java/com/shatteredpixel/shatteredpixeldungeon/actors/buffs/Chill.java	0d891433a51a47cbaea5a4abe7805b1be07077b37d60bd06cf7a37ebd832db9b	unported	-
core/src/main/java/com/shatteredpixel/shatteredpixeldungeon/actors/buffs/Combo.java	bf2f383948dc77f3f24900f379a9ec5fd05080680613270ab578d2905961a72b	unported	-
core/src/main/java/com/shatteredpixel/shatteredpixeldungeon/actors/buffs/Corrosion.java	d1f003ece22fb26e583498184513af6d94dd3105ee8dd919f5afe3d3d9b22efd	unported	-
core/src/main/java/com/shatteredpixel/shatteredpixeldungeon/actors/buffs/Corruption.java	161fe6b598675f1c2661c48fcc410541dbba07824c080e9de6cc5b52ea6d239a	unported	-
core/src/main/java/com/shatteredpixel/shatteredpixeldungeon/actors/buffs/CounterBuff.java	49b363dfa51f1a677bdc58a9e666a20e84ad5e61cc2f2aa51b893f1d3741b249	unported	-
core/src/main/java/com/shatteredpixel/shatteredpixeldungeon/actors/buffs/Cripple.java	e87b0322f1bbc1880d558fb1f0ef2ff6e9cd6b26a55140e64c5e5635e52c9131	unported	-
core/src/main/java/com/shatteredpixel/shatteredpixeldungeon/actors/buffs/Daze.java	211117d44bc099cbb94554dc41ce5ba1740c1aac7701eb2e3f3dff5dd082afa5	unported	-
core/src/main/java/com/shatteredpixel/shatteredpixeldungeon/actors/buffs/Degrade.java	bc11ed28067c0f15a1f9ca83a380a0bbd7a7df0df93d10b8251ad1b44d89388d	unported	-
core/src/main/java/com/shatteredpixel/shatteredpixeldungeon/actors/buffs/Doom.java	3b640f2c2050c6fbc176f6f8e87176b94ca6f96d56eaeb535aa5568bbc38e4ed	unported	-
core/src/main/java/com/shatteredpixel/shatteredpixeldungeon/actors/buffs/Dread.java	d80ea5e84680deabf996bbaf4bc9f4e47fb4ccaaa965324a8eb7a712a8766475	unported	-
core/src/main/java/com/shatteredpixel/shatteredpixeldungeon/actors/buffs/Drowsy.java	347969eafcd72d136e30f90e8769705a5c04f1aa3d027d36ab6c844322150ea2	unported	-
core/src/main/java/com/shatteredpixel/shatteredpixeldungeon/actors/buffs/EnhancedRings.java	c81f6c90dce087a4f8ad71178e501d1d0f2232e7c2b35b260045be1edac290dc	unported	-
core/src/main/java/com/shatteredpixel/shatteredpixeldungeon/actors/buffs/FireImbue.java	abe1b7cdfb8ef45ba70b48e37ad18e1ee638eb06d6fe1cd2f5bb8f3017ff1d3a	unported	-
core/src/main/java/com/shatteredpixel/shatteredpixeldungeon/actors/buffs/FlavourBuff.java	7a5fc4c261468123ddba5b95901e45349232137b2ab8450a3a57e7497033cde6	unported	-
core/src/main/java/com/shatteredpixel/shatteredpixeldungeon/actors/buffs/Foresight.java	16613a9e6bc18e950aaa1cdcea930600749afb8ebd65403b4b1faccd573329d8	unported	-
core/src/main/java/com/shatteredpixel/shatteredpixeldungeon/actors/buffs/Frost.java	d64b4ed868a3a4393e7a8bdf5ac011156e112da6d2587bfefb5b96e8329a7052	unported	-
core/src/main/java/com/shatteredpixel/shatteredpixeldungeon/actors/buffs/FrostImbue.java	42c82e717aae74e66d6d0e0c27139affe8e6bd1e0b9eb71e0ab36d73a489d667	unported	-
core/src/main/java/com/shatteredpixel/shatteredpixeldungeon/actors/buffs/Fury.java	4a9d094d164c46de1ebbfe7989b7599ffe8bae27c51f50acd317e1bb2f78ff8f	unported	-
core/src/main/java/com/shatteredpixel/shatteredpixeldungeon/actors/buffs/GravityChaosTracker.java	b74a476ddc05ccd7ea17866412c8b56813f1163f5233f93f6f6d6b44e610b7b2	unported	-
core/src/main/java/com/shatteredpixel/shatteredpixeldungeon/actors/buffs/GreaterHaste.java	a0032f8b5d5629dd987f10a1aeafc56e845e9ab1a08c033eda0169d2cd514f03	unported	-
core/src/main/java/com/shatteredpixel/shatteredpixeldungeon/actors/buffs/Haste.java	8f11b118b7dd6dd031f208e254d010013341f10a9ab61099b9cfe349a5a4e89c	unported	-
core/src/main/java/com/shatteredpixel/shatteredpixeldungeon/actors/buffs/Healing.java	19c941e8bb77b0d96103d66d5b611b40a189562b33352c29694e60cb71203729	unported	-
core/src/main/java/com/shatteredpixel/shatteredpixeldungeon/actors/buffs/HeroDisguise.java	a5eb5a1af779bc535e51b1a8750ec9593b5f2081d465a6baaaa87e169079a223	unported	-
core/src/main/java/com/shatteredpixel/shatteredpixeldungeon/actors/buffs/Hex.java	1c4befda631ffbfa9ae64a9a9c9c10b1adf7b001f38c3bf207699f39080c92e2	unported	-
core/src/main/java/com/shatteredpixel/shatteredpixeldungeon/actors/buffs/HoldFast.java	7bb623b61fff4939bf0f83f45a89525e203d386a1db546c96a17ccfc315fb887	unported	-
core/src/main/java/com/shatteredpixel/shatteredpixeldungeon/actors/buffs/Hunger.java	8e69c1a7f698c4335632605eab632cc90e0dcb33bbbcdbf5766b88908fc8dc19	unported	-
core/src/main/java/com/shatteredpixel/shatteredpixeldungeon/actors/buffs/Invisibility.java	eb02eaa9fcbe7cfb405911b32dec6f24f4af1a0c934e11c613707e0a4fb42551	unported	-
core/src/main/java/com/shatteredpixel/shatteredpixeldungeon/actors/buffs/Invulnerability.java	fb76b0c11da9528fde312afdf5faaf6daf59405b3631b784d58a3d8d2178cf12	unported	-
core/src/main/java/com/shatteredpixel/shatteredpixeldungeon/actors/buffs/Levitation.java	eaeda5ee4db98f6b5e05f89f080929b793b9746657639c732d8266bceab462a4	unported	-
core/src/main/java/com/shatteredpixel/shatteredpixeldungeon/actors/buffs/LifeLink.java	49f4f720770e89f0cbc98b6d2c46b0ce9bf3f32816206bb294a590d1b5b25cd5	unported	-
core/src/main/java/com/shatteredpixel/shatteredpixeldungeon/actors/buffs/Light.java	c35466d55bf20a890496227ca039bc9ca807b984710f070671ec3b8fefd8fd27	unported	-
core/src/main/java/com/shatteredpixel/shatteredpixeldungeon/actors/buffs/LockedFloor.java	fd4fe1adf940b3df20e19232b17f407f167363b34d4f85e34acee44fcc50a46a	unported	-
core/src/main/java/com/shatteredpixel/shatteredpixeldungeon/actors/buffs/LostInventory.java	4ae404c9c946578a8a9f90786b48fd4b721faa52cc1ed6844247c8ec6f7c9ac6	unported	-
core/src/main/java/com/shatteredpixel/shatteredpixeldungeon/actors/buffs/MagicImmune.java	f1dc9b01316628e957d36b1aaf5cd9ea93861968c9af81adb0dd3308a3b21b73	unported	-
core/src/main/java/com/shatteredpixel/shatteredpixeldungeon/actors/buffs/MagicalSight.java	f16c84cab3dca29c042ac1a1b763fc54d2b64f9d71c4f07808ce7de8df6636c0	unported	-
core/src/main/java/com/shatteredpixel/shatteredpixeldungeon/actors/buffs/MagicalSleep.java	8a16d306100b9512ab471e9866db9bd055586dea3949a5b3c669d78e0b3d2d73	unported	-
core/src/main/java/com/shatteredpixel/shatteredpixeldungeon/actors/buffs/MindVision.java	3b7ed75b895d848d53946bc1c95e64d6445fa7c25f6a16cc03706364fed9da14	unported	-
core/src/main/java/com/shatteredpixel/shatteredpixeldungeon/actors/buffs/Momentum.java	f6a6bdea085c6b6e494b24f254a6fd74ad9efa89193d7ff0767aa3d2325a9cb2	unported	-
core/src/main/java/com/shatteredpixel/shatteredpixeldungeon/actors/buffs/MonkEnergy.java	f75eeaebceec78cc7b13c331399a99c830d3c9a82f92ad24efe858d54892ad8c	unported	-
core/src/main/java/com/shatteredpixel/shatteredpixeldungeon/actors/buffs/Ooze.java	cde2796edc4b17ecac4a7f7c7a7c25307903e09c148672914a03cf586325fe42	unported	-
core/src/main/java/com/shatteredpixel/shatteredpixeldungeon/actors/buffs/Paralysis.java	0009030d3090a0cb372485dbab4f755226c4c510b9f275d61dc7e192408efc72	unported	-
core/src/main/java/com/shatteredpixel/shatteredpixeldungeon/actors/buffs/PhysicalEmpower.java	1884a1314f63d9cef2ba65ef34415b15240e1956e4492f3f6f469589a74154ce	unported	-
core/src/main/java/com/shatteredpixel/shatteredpixeldungeon/actors/buffs/PinCushion.java	d61faad31cb062d1927b56b80f4400b43cf4176c293dd4a703dfe5cd15a89479	unported	-
core/src/main/java/com/shatteredpixel/shatteredpixeldungeon/actors/buffs/Poison.java	4f436a4610c3a3f0dbee4cf67c48e3ac5ec3427a27cd22aa1ff431eac7226683	unported	-
core/src/main/java/com/shatteredpixel/shatteredpixeldungeon/actors/buffs/Preparation.java	084e45575dd6166686ea822fdec88bf4d7f4e0879502b1a07eca15c9096d6111	unported	-
core/src/main/java/com/shatteredpixel/shatteredpixeldungeon/actors/buffs/PrismaticGuard.java	d4e1b68505d25f416523afaee366232989e7bf08ac02e0f2bc6bab8387aa5cd5	unported	-
core/src/main/java/com/shatteredpixel/shatteredpixeldungeon/actors/buffs/Recharging.java	e54280596e0ab3f1540141a6f9e8e43823678363330d681ef379e2052c42c841	unported	-
core/src/main/java/com/shatteredpixel/shatteredpixeldungeon/actors/buffs/Regeneration.java	57d13979dec9ff7499ff55d645096ba5e50c037052db24dfccdb3d1febddcb05	unported	-
core/src/main/java/com/shatteredpixel/shatteredpixeldungeon/actors/buffs/RevealedArea.java	7139cf691a63eef5c08161af04d3ad806e10e8263f0a9bd0459e88ddb711ca1f	unported	-
core/src/main/java/com/shatteredpixel/shatteredpixeldungeon/actors/buffs/Roots.java	5aa0d069b7ada980b38f53a1a08decfcc0a5572ec0cb8d1a0e099c3eec8eba5d	unported	-
core/src/main/java/com/shatteredpixel/shatteredpixeldungeon/actors/buffs/ScrollEmpower.java	cafffaf9481471f9921c3f32312d899677ff0f3a61c27aaf27f949d935b11e7a	unported	-
core/src/main/java/com/shatteredpixel/shatteredpixeldungeon/actors/buffs/Shadows.java	ce5c3f963980b63a0eb31a5cf0180c28a116f5f3838ffb4dba8730e3c43471f5	unported	-
core/src/main/java/com/shatteredpixel/shatteredpixeldungeon/actors/buffs/ShieldBuff.java	0f55b6fc7d095fe0156f9be5ad9ff6fc4e7917105400117cb8b49d1cc0569fe9	unported	-
core/src/main/java/com/shatteredpixel/shatteredpixeldungeon/actors/buffs/Sleep.java	09409ab039ebd5416548f7bd5cbe4b643a0125bc8a55d28c5045548908c86a65	unported	-
core/src/main/java/com/shatteredpixel/shatteredpixeldungeon/actors/buffs/Slow.java	7ef8cc8b98a636dab1b24f4bd5a7d91e6083c546d805c2f7ab92559e257f14b2	unported	-
core/src/main/java/com/shatteredpixel/shatteredpixeldungeon/actors/buffs/SnipersMark.java	5cf2dacc700d57d9bd530f39508235d47a63fb9e3039358c08c3c78adede1187	unported	-
core/src/main/java/com/shatteredpixel/shatteredpixeldungeon/actors/buffs/SoulMark.java	bfe03e11c76aa5abfb9a259269165b24664b23f6a7f493e7dc85c555f704dabd	unported	-
core/src/main/java/com/shatteredpixel/shatteredpixeldungeon/actors/buffs/Speed.java	601d44cdba2c74d7aadf8e0ed76e0aade252cebf4110be3ded0e7c3a2ef6ceca	unported	-
core/src/main/java/com/shatteredpixel/shatteredpixeldungeon/actors/buffs/Stamina.java	dafc08719705adaf6829da868609f8e02aa33234c7aa01354fec68cd876e542d	unported	-
core/src/main/java/com/shatteredpixel/shatteredpixeldungeon/actors/buffs/SuperNovaTracker.java	86dc2b34e406a67446644c4b094e20af7267627c77dc421601caf6659f983749	unported	-
core/src/main/java/com/shatteredpixel/shatteredpixeldungeon/actors/buffs/SwarmIntelTracker.java	a18ee052c0ccc5b8bbac53fcff8885dc228ea0923ac48dca5fb48348c386665f	unported	-
core/src/main/java/com/shatteredpixel/shatteredpixeldungeon/actors/buffs/Terror.java	531955c67c6b720c8c88e3d4d13f20f09c52967928bf38376bcb4b8249681370	unported	-
core/src/main/java/com/shatteredpixel/shatteredpixeldungeon/actors/buffs/TimeStasis.java	6e8f05d77f438a5fe5c37c8ce89c3fc58ff7face04ddbf483d98b1a64954e7fb	unported	-
core/src/main/java/com/shatteredpixel/shatteredpixeldungeon/actors/buffs/ToxicImbue.java	bcf9aa98981487429df157c61a82000119124581fb1c61c1595f6ba7743a2aaa	unported	-
core/src/main/java/com/shatteredpixel/shatteredpixeldungeon/actors/buffs/Vertigo.java	7a23179fb7c056743a5c8ee0a6cbde8f66e18dec9eeedbb6f4729a6c144fb6b8	unported	-
core/src/main/java/com/shatteredpixel/shatteredpixeldungeon/actors/buffs/Vulnerable.java	51d74ac19ba18bc894140806ad5da2750fe6f7d66ac65e2ec06f2444a6a6d577	unported	-
core/src/main/java/com/shatteredpixel/shatteredpixeldungeon/actors/buffs/WandEmpower.java	659ce020c39aad88f033c44e05f9be3cce3151b251d4b4bd8d78921063049b49	unported	-
core/src/main/java/com/shatteredpixel/shatteredpixeldungeon/actors/buffs/Weakness.java	3e361302ad87732151e076b29600ea3250522fbaea3f65374942d19c953099ff	unported	-
core/src/main/java/com/shatteredpixel/shatteredpixeldungeon/actors/buffs/WellFed.java	c74d73eedb19a2d7185a0b49abbb134997ccce39c9c4a908ade24afc7ad0685c	unported	-
core/src/main/java/com/shatteredpixel/shatteredpixeldungeon/actors/hero/Belongings.java	1756c1c4ca16b6ccc897c527ac6fb5fbd747a9c075936b8fc1f9922bffa6e1c5	unported	-
core/src/main/java/com/shatteredpixel/shatteredpixeldungeon/actors/hero/Hero.java	1c70b2cc337f2235dd46c62b02b02d051052b2676587a9e166f5b729d797dd9d	partial	run.gd;spd_combat.gd
core/src/main/java/com/shatteredpixel/shatteredpixeldungeon/actors/hero/HeroAction.java	35d6579a1a60970f2b5fab1b1da2b77bf0e50c6a9d920c023be965762e94e22c	unported	-
core/src/main/java/com/shatteredpixel/shatteredpixeldungeon/actors/hero/HeroClass.java	fb3e87a7a57ced4d1f1533c71ab1d75a21ae9145ef957b5991a85ce4cf4a2a8a	unported	-
core/src/main/java/com/shatteredpixel/shatteredpixeldungeon/actors/hero/HeroSubClass.java	cd2ae034d1a96678739ef7fec1e38422c38a71a8aba379e6a6cd40c41c11792f	unported	-
core/src/main/java/com/shatteredpixel/shatteredpixeldungeon/actors/hero/Talent.java	ada26b080d35e51679aa7801c4de229d610cc1b0829931fc842a82414d484875	unported	-
core/src/main/java/com/shatteredpixel/shatteredpixeldungeon/actors/hero/abilities/ArmorAbility.java	f3be04ae58cb4abe367989d63e388b76b52048861c7483ff9cd1f358e6906768	unported	-
core/src/main/java/com/shatteredpixel/shatteredpixeldungeon/actors/hero/abilities/Ratmogrify.java	6ba011dda81602a35201753a154c8df3fc4e4e590c0a1920dd81e528f0aa146d	unported	-
core/src/main/java/com/shatteredpixel/shatteredpixeldungeon/actors/hero/abilities/cleric/AscendedForm.java	b9fccee2f1571ef3255e05ba00706c52785eac018b433a57cfe5ba7dc016cba1	unported	-
core/src/main/java/com/shatteredpixel/shatteredpixeldungeon/actors/hero/abilities/cleric/PowerOfMany.java	7ef04d0aa882114837a6fac4261c819dca09f2531a2348262b352d424361f7ed	unported	-
core/src/main/java/com/shatteredpixel/shatteredpixeldungeon/actors/hero/abilities/cleric/Trinity.java	be263d94ace6b54aabdb84abc0a1b09d608a6ae1665c6f62824f41ebe793c028	unported	-
core/src/main/java/com/shatteredpixel/shatteredpixeldungeon/actors/hero/abilities/duelist/Challenge.java	4098e93d4f92bc449afe4353db988bd1a95ebcc24a6d2540686c78422d1b9bba	unported	-
core/src/main/java/com/shatteredpixel/shatteredpixeldungeon/actors/hero/abilities/duelist/ElementalStrike.java	39ff02db779f9dc0bfd9bfab033740b535b385b5fb4390d8e85a069ab001fdfe	unported	-
core/src/main/java/com/shatteredpixel/shatteredpixeldungeon/actors/hero/abilities/duelist/Feint.java	ae05e5dfa7989ce3e4117567019cbed9961faa68d976c0720e7889fdc22d4bc7	unported	-
core/src/main/java/com/shatteredpixel/shatteredpixeldungeon/actors/hero/abilities/huntress/NaturesPower.java	ea6f74dac9701bfa90597d59b447b79b796623ea24cd28184499c7de25f2e30b	unported	-
core/src/main/java/com/shatteredpixel/shatteredpixeldungeon/actors/hero/abilities/huntress/SpectralBlades.java	529eba9eb6a7c30266cfad672ac3d64634481277a16e55b9d8d58c66bb41d615	unported	-
core/src/main/java/com/shatteredpixel/shatteredpixeldungeon/actors/hero/abilities/huntress/SpiritHawk.java	d8dec4ac840b1796be73d57b1165a402ff776440e1616337c3b683e1bbae1ffe	unported	-
core/src/main/java/com/shatteredpixel/shatteredpixeldungeon/actors/hero/abilities/mage/ElementalBlast.java	7c48bbd782e6da081d2e8a8da8d6cd916ab89425786dddfbed0e8042a8e3cd0f	unported	-
core/src/main/java/com/shatteredpixel/shatteredpixeldungeon/actors/hero/abilities/mage/WarpBeacon.java	2317a83d438bbdd5eab6bc69c28c3ede172f24e56f6506394ec641b34c6a3eaa	unported	-
core/src/main/java/com/shatteredpixel/shatteredpixeldungeon/actors/hero/abilities/mage/WildMagic.java	9e3823a36bb44f27da99208759969643907a79cc3131964e2d7298ca14bbb398	unported	-
core/src/main/java/com/shatteredpixel/shatteredpixeldungeon/actors/hero/abilities/rogue/DeathMark.java	26cdb0c13a2d62b8ccf4bb43bdd099607fb6443c5ffd3c46fb7ace9185fc09f9	unported	-
core/src/main/java/com/shatteredpixel/shatteredpixeldungeon/actors/hero/abilities/rogue/ShadowClone.java	e634c3788a3bfc4b87db1496befa5b813a14942bc014cde002a261246a9757ed	unported	-
core/src/main/java/com/shatteredpixel/shatteredpixeldungeon/actors/hero/abilities/rogue/SmokeBomb.java	172f11412805a3569ac00ed5d2d3d04382bba047d223ec7a95d2d36e7c8b563b	unported	-
core/src/main/java/com/shatteredpixel/shatteredpixeldungeon/actors/hero/abilities/warrior/Endure.java	e6bb778bf39b02a67aec2fb4b8abd15ff888afb581f4299f281284539a776f1f	unported	-
core/src/main/java/com/shatteredpixel/shatteredpixeldungeon/actors/hero/abilities/warrior/HeroicLeap.java	b0de82b6aa18ad45eeb3fe7ea2d4687805d71ca84d591f1565399e959535233b	unported	-
core/src/main/java/com/shatteredpixel/shatteredpixeldungeon/actors/hero/abilities/warrior/Shockwave.java	d5b917556370a42c8fc8985fd81abed6a6cdcebd09bd1a7bcf2c4be2bd4f72a5	unported	-
core/src/main/java/com/shatteredpixel/shatteredpixeldungeon/actors/hero/spells/AuraOfProtection.java	3ecb87881e2b62b802e3a4e65d57ff9892cdd6b79907e41b4e8ad5ad3ff153c1	unported	-
core/src/main/java/com/shatteredpixel/shatteredpixeldungeon/actors/hero/spells/BeamingRay.java	23113e0ca5d5aa4d9fef9270bfd020138f76951fe1c617f1743f4ac03237b2c4	unported	-
core/src/main/java/com/shatteredpixel/shatteredpixeldungeon/actors/hero/spells/BlessSpell.java	a1cdc35d8159ba8d5790954ca2da07ae8d0f10c6348b8db04baa4b073e8fd133	unported	-
core/src/main/java/com/shatteredpixel/shatteredpixeldungeon/actors/hero/spells/BodyForm.java	93bdce05538deedeba155b7c0133a253b6eaae34925b33f7a4133248251d13e4	unported	-
core/src/main/java/com/shatteredpixel/shatteredpixeldungeon/actors/hero/spells/Cleanse.java	64d05206af7355aa004d8f19fd045666031a7ccc64fabe3bdb34706fbd4386c1	unported	-
core/src/main/java/com/shatteredpixel/shatteredpixeldungeon/actors/hero/spells/ClericSpell.java	b39c7c98f44549d374173c135c2f8fa420a2c2194ddf50aea4b33421d8f27c65	unported	-
core/src/main/java/com/shatteredpixel/shatteredpixeldungeon/actors/hero/spells/DivineIntervention.java	6d516c25bf5b9f1c9ee7fa4b03e26cef6d66c6a42a50657de42bc9a3f1fc5993	unported	-
core/src/main/java/com/shatteredpixel/shatteredpixeldungeon/actors/hero/spells/DivineSense.java	f4d88701623f001f53e6d07059ae0cc3917094322887dfd931dc506856c0c3e8	unported	-
core/src/main/java/com/shatteredpixel/shatteredpixeldungeon/actors/hero/spells/Flash.java	38f2c9d98d91bf0c2434bf214997a198b2cdfb45492cfc58715cc4bc291b4e0c	unported	-
core/src/main/java/com/shatteredpixel/shatteredpixeldungeon/actors/hero/spells/GuidingLight.java	8b5c09064891c3591c79fb5a19951681870cfdf1d3b1e5ee7e5bf5966d9f1db2	unported	-
core/src/main/java/com/shatteredpixel/shatteredpixeldungeon/actors/hero/spells/HallowedGround.java	d45a9c45bb322379896a74f2605ca68f1cd941cc247dfea05a005eb4e50de879	unported	-
core/src/main/java/com/shatteredpixel/shatteredpixeldungeon/actors/hero/spells/HolyIntuition.java	d481c30b3d488be5025937b50519d3304fc6b4bd691edba1a835c6de6933ec7a	unported	-
core/src/main/java/com/shatteredpixel/shatteredpixeldungeon/actors/hero/spells/HolyLance.java	541a3801b70011e7100a6a051e3e90057c5e98b17fae2698664a9e3e13c4d6b7	unported	-
core/src/main/java/com/shatteredpixel/shatteredpixeldungeon/actors/hero/spells/HolyWard.java	65834692b9b5692d628db5fcabb2653a474aed5b1085460278ceccbccc0da917	unported	-
core/src/main/java/com/shatteredpixel/shatteredpixeldungeon/actors/hero/spells/HolyWeapon.java	7b68b2f37439a96b45573e8f3c224aee1f66ae81bc54703ad470b0f79e2c38de	unported	-
core/src/main/java/com/shatteredpixel/shatteredpixeldungeon/actors/hero/spells/InventoryClericSpell.java	aca468f5ae2ea4c8fe54ad5a256570cd6d1e049bd92c8dad6542bd788afea5f2	unported	-
core/src/main/java/com/shatteredpixel/shatteredpixeldungeon/actors/hero/spells/Judgement.java	23cb92fbfef5ecdce7451e3eb81e2898d278702619fcfabd524ae45b95b45803	unported	-
core/src/main/java/com/shatteredpixel/shatteredpixeldungeon/actors/hero/spells/LayOnHands.java	698d686030a3ca6fc60c8a3bef47b490f5cae7d954c47b1f1bc7d0aabe4b4d27	unported	-
core/src/main/java/com/shatteredpixel/shatteredpixeldungeon/actors/hero/spells/LifeLinkSpell.java	367b2880e9bdba08ecf42358cd89fa6faf876093b6a4f5921c21790c1d6a4f8d	unported	-
core/src/main/java/com/shatteredpixel/shatteredpixeldungeon/actors/hero/spells/MindForm.java	b28294502a1a6cec28553f0dfa5d6dc690056212fe51f08d1c95b75d64e642f6	unported	-
core/src/main/java/com/shatteredpixel/shatteredpixeldungeon/actors/hero/spells/MnemonicPrayer.java	d446343b5f0d5146ed27fd118b3e0b65eab86e0ac8f28790f20421fd324858b9	unported	-
core/src/main/java/com/shatteredpixel/shatteredpixeldungeon/actors/hero/spells/Radiance.java	7a33bd55624ad2683081c0249892f825cf218050977d17b654e13e4876869615	unported	-
core/src/main/java/com/shatteredpixel/shatteredpixeldungeon/actors/hero/spells/RecallInscription.java	786b029ab52ca6f0517aa912855503c2ed46e3839da6dcd913108009f896e471	unported	-
core/src/main/java/com/shatteredpixel/shatteredpixeldungeon/actors/hero/spells/ShieldOfLight.java	87ac4e4f450779db05f788393ac55c95a2d798bb2a7f8dac33acf84947c497a6	unported	-
core/src/main/java/com/shatteredpixel/shatteredpixeldungeon/actors/hero/spells/Smite.java	0773acc15d523b985323a967f2af632c83a1c920bec52975bd5bd877e3eb7b71	unported	-
core/src/main/java/com/shatteredpixel/shatteredpixeldungeon/actors/hero/spells/SpiritForm.java	3d815db90ea60413249d3ad2a60f5a0bd88973be1d35746d3685081a25c444b9	unported	-
core/src/main/java/com/shatteredpixel/shatteredpixeldungeon/actors/hero/spells/Stasis.java	0651931c9b1541d71d1241f3d1b1ae884ed9ceff398ca032f4f6ef386b682409	unported	-
core/src/main/java/com/shatteredpixel/shatteredpixeldungeon/actors/hero/spells/Sunray.java	891d998ccdb104f093c3297bc10b6bee0683ad0f9acf2d6defa7bdb6788e7443	unported	-
core/src/main/java/com/shatteredpixel/shatteredpixeldungeon/actors/hero/spells/TargetedClericSpell.java	4cdfdec8905468a1b67c5fb4321c13ed6f19956c6f30d35ebc2a5c038463502b	unported	-
core/src/main/java/com/shatteredpixel/shatteredpixeldungeon/actors/hero/spells/WallOfLight.java	8e7aa22a7d5a4a1b98603418d34dd01b7db2a0c582466b3dca9e19b834740be2	unported	-
core/src/main/java/com/shatteredpixel/shatteredpixeldungeon/actors/mobs/Acidic.java	4afd127b54a96ab84819f81a64d6c69f1833059132499c5c6c4fb367523244cc	unported	-
core/src/main/java/com/shatteredpixel/shatteredpixeldungeon/actors/mobs/Albino.java	d0e1277860ee5e6930edb517597cb3ac6f8e24a7f0477e4ad890eba4d6d5652e	unported	-
core/src/main/java/com/shatteredpixel/shatteredpixeldungeon/actors/mobs/ArmoredBrute.java	168915472890554f5f0b65b6078c53aca8e7bd618936a0415d35119726451ade	unported	-
core/src/main/java/com/shatteredpixel/shatteredpixeldungeon/actors/mobs/ArmoredStatue.java	0a0217d5688ee66308c317861fffba08724fbb98e884e70b7756f8281338a3a2	unported	-
core/src/main/java/com/shatteredpixel/shatteredpixeldungeon/actors/mobs/Bandit.java	bb50aa13a7a1820346b258163df833579c2eca5c162fad2aabe8b482a88f1f13	unported	-
core/src/main/java/com/shatteredpixel/shatteredpixeldungeon/actors/mobs/Bat.java	55114c90617236511c322f3dcea77b7aa2e67b86e9af58e13e0f8f0215f6745f	unported	-
core/src/main/java/com/shatteredpixel/shatteredpixeldungeon/actors/mobs/Bee.java	b0cca5aead23e1d57577b1649d1a0e044c78650fb5877338ebcfbbca45efabc0	unported	-
core/src/main/java/com/shatteredpixel/shatteredpixeldungeon/actors/mobs/Brute.java	92c1e3118af30c3ec7252bfe1029ec07a5a14c6306fe5a602f107d665c8a620b	unported	-
core/src/main/java/com/shatteredpixel/shatteredpixeldungeon/actors/mobs/CausticSlime.java	a51d3127f1ab0f9f14dce88a388afce70f99c7dad379ff76c290a2858f107b07	unported	-
core/src/main/java/com/shatteredpixel/shatteredpixeldungeon/actors/mobs/Crab.java	724551a8b3b846509956e11627fc011594d6d0eb11043a99a9821ed4dcd417b0	unported	-
core/src/main/java/com/shatteredpixel/shatteredpixeldungeon/actors/mobs/CrystalGuardian.java	97a936b951033863a38c923aff35c90552ecc78f5e159a4f3263c8b93cbc1e46	unported	-
core/src/main/java/com/shatteredpixel/shatteredpixeldungeon/actors/mobs/CrystalMimic.java	dfeb8e275b25f9ebd2c2b6f52b192bd2f94baceb656389c4a6f723952958d6eb	unported	-
core/src/main/java/com/shatteredpixel/shatteredpixeldungeon/actors/mobs/CrystalSpire.java	4dd26bcac34b4b58647c1fa3065099a7d12176a65c52d0042fce2e120240be6a	unported	-
core/src/main/java/com/shatteredpixel/shatteredpixeldungeon/actors/mobs/CrystalWisp.java	e7beed1f42b825ccb4d2b58ec253fa33740b77ae5bd5f006d87cf71ee70c73ff	unported	-
core/src/main/java/com/shatteredpixel/shatteredpixeldungeon/actors/mobs/DM100.java	19d9a38fcee08d91a4bfb8476cdcc252db85983d3e1b5feb3cb26b9a43c3e121	unported	-
core/src/main/java/com/shatteredpixel/shatteredpixeldungeon/actors/mobs/DM200.java	f1ede420d99626e41db8aa1757c1bc4e4ee51423429632057acd5a9e100ffdf0	unported	-
core/src/main/java/com/shatteredpixel/shatteredpixeldungeon/actors/mobs/DM201.java	3ba1fc07e3cbca72a481ffe2db9c314a2820ce0e2a667d7c1fb3a8a12e9cb274	unported	-
core/src/main/java/com/shatteredpixel/shatteredpixeldungeon/actors/mobs/DM300.java	4e971c22dc54f74582221bbcf702d6bd3707401a706496a863cdce411353303c	unported	-
core/src/main/java/com/shatteredpixel/shatteredpixeldungeon/actors/mobs/DelayedRockFall.java	5943b8cd8bc8b41d8a080be9658a420e183ac1d4cdda43ee73fb7d76d1424952	unported	-
core/src/main/java/com/shatteredpixel/shatteredpixeldungeon/actors/mobs/DemonSpawner.java	67dbb6e3a3706b0c83ced2bea1a3e6f6b96b15417c8a89052c0c08c6c2bef7c7	unported	-
core/src/main/java/com/shatteredpixel/shatteredpixeldungeon/actors/mobs/DwarfKing.java	cfe416076f1e8b9877ff55e93b96bcabcbd18f48bafe0f63619a87d5baf16424	unported	-
core/src/main/java/com/shatteredpixel/shatteredpixeldungeon/actors/mobs/EbonyMimic.java	c1018133ae4769745d41b0b74b12687f04f02f0d211a86603d980500a30afeb9	unported	-
core/src/main/java/com/shatteredpixel/shatteredpixeldungeon/actors/mobs/Elemental.java	29f6bcc0e085985f68014e4266cc03c9853a58b951822520db8f6975596bc34d	unported	-
core/src/main/java/com/shatteredpixel/shatteredpixeldungeon/actors/mobs/Eye.java	1f65ca6db2ed7eb159ae06d6835a0eb8efd983fe627cc5a0d8396a7f509cbc8f	unported	-
core/src/main/java/com/shatteredpixel/shatteredpixeldungeon/actors/mobs/FetidRat.java	ee55bd761e1a1dc1893741aa63da2917dcca2019be03a5f423eb16b5aec82301	unported	-
core/src/main/java/com/shatteredpixel/shatteredpixeldungeon/actors/mobs/FungalCore.java	91584b7e3b1fdaafaa77cbb0954552148fc495934a6289a8c3676cbf1164aa5a	unported	-
core/src/main/java/com/shatteredpixel/shatteredpixeldungeon/actors/mobs/FungalSentry.java	bcdfeee2cdb82e033ede0c85ba2897edb3cf7e84c95b5ca805a7f7ca0630ec3b	unported	-
core/src/main/java/com/shatteredpixel/shatteredpixeldungeon/actors/mobs/FungalSpinner.java	07e9d09994577e63bfc38c8a34416bc4ee80869378b3d48ef367d327890c1dd2	unported	-
core/src/main/java/com/shatteredpixel/shatteredpixeldungeon/actors/mobs/Ghoul.java	f48690f5b05d288f5bd821a28b82fe602abb6e3fb11873a807cb62034f943462	unported	-
core/src/main/java/com/shatteredpixel/shatteredpixeldungeon/actors/mobs/Gnoll.java	86e9918e2d218a8d7594606e6fc2ad2ce307b5bf3c79a4249bd642f76d3ca00b	unported	-
core/src/main/java/com/shatteredpixel/shatteredpixeldungeon/actors/mobs/GnollExile.java	b623b267d648c8b3de3091412e22029aac1fd014938405b3e3808eb85cbbe8da	unported	-
core/src/main/java/com/shatteredpixel/shatteredpixeldungeon/actors/mobs/GnollGeomancer.java	e2e420800d795ba72bc407efaa03f4c4ec859916c9bf9c96f015faee3b9a1004	unported	-
core/src/main/java/com/shatteredpixel/shatteredpixeldungeon/actors/mobs/GnollGuard.java	c466fbea704b5cb9f56ef5898ac7beb7951d0b53b97a8467e7d2915a1e63e743	unported	-
core/src/main/java/com/shatteredpixel/shatteredpixeldungeon/actors/mobs/GnollSapper.java	919156eda68a16661865e15c8e2c55072f439cff2b0330cae8035038a69745cc	unported	-
core/src/main/java/com/shatteredpixel/shatteredpixeldungeon/actors/mobs/GnollTrickster.java	eb5de6c706be0a816f24ab10dd4a576916f2409d1351d5e523650826d3871291	unported	-
core/src/main/java/com/shatteredpixel/shatteredpixeldungeon/actors/mobs/GoldenMimic.java	7b1a619d886cf2327133cbf13de1ba76d405cddde65154c0bc7e0bc7612786e7	unported	-
core/src/main/java/com/shatteredpixel/shatteredpixeldungeon/actors/mobs/Golem.java	363f3194a8cf4cd19af606005eaf3ee4ee2e9874c671c647725403950d503dbd	unported	-
core/src/main/java/com/shatteredpixel/shatteredpixeldungeon/actors/mobs/Goo.java	a0aa49e6b09d31f5a0333157789614f46115aee57baea5dad2132dc5842b5a46	unported	-
core/src/main/java/com/shatteredpixel/shatteredpixeldungeon/actors/mobs/GreatCrab.java	3c043f2d664bea255f76557466c7c8104da2729f479f1186a6f403d33bbdd984	unported	-
core/src/main/java/com/shatteredpixel/shatteredpixeldungeon/actors/mobs/Guard.java	837475a568f5f17a04071f9979328b8af1c8067adf5342a230e29046db12d36a	unported	-
core/src/main/java/com/shatteredpixel/shatteredpixeldungeon/actors/mobs/HermitCrab.java	ad8cc7eb2ec7b2ee6adf92cac4a109d79d25b290bd978fc859cb852c24bef6f1	unported	-
core/src/main/java/com/shatteredpixel/shatteredpixeldungeon/actors/mobs/Mimic.java	20ce2fc5dd25aa101cf5f30c5f638ee708fb68581e4b17f40b00e849cb06b96a	unported	-
core/src/main/java/com/shatteredpixel/shatteredpixeldungeon/actors/mobs/Mob.java	935b0146c3960b0afa8bccad4ddfa2a0a5073605ae339e0c2313eaeb0e46f750	unported	-
core/src/main/java/com/shatteredpixel/shatteredpixeldungeon/actors/mobs/MobSpawner.java	5b0247c65dd299566692d88355ffdf8c82e1514f8cd47d987e793c20c3e1be26	partial	run.gd;spd_regular_spawner.gd
core/src/main/java/com/shatteredpixel/shatteredpixeldungeon/actors/mobs/Monk.java	66d10094bc456d8c9f7c6ef0a3e3796e4729927adcd70f91f5eaeaedb5836fec	unported	-
core/src/main/java/com/shatteredpixel/shatteredpixeldungeon/actors/mobs/Necromancer.java	1e7a6077335e211776ae591eef806c58d791479b722c867de9608d99df8c8aca	unported	-
core/src/main/java/com/shatteredpixel/shatteredpixeldungeon/actors/mobs/PhantomPiranha.java	58fc789e4074dd2aef5cedd7afbb600a2b61e51de95fa1d4aabac1b201508aa6	unported	-
core/src/main/java/com/shatteredpixel/shatteredpixeldungeon/actors/mobs/Piranha.java	00aa716543200399b6786e34bf7558c99e838a1e9a0d571168a825d5668d459b	unported	-
core/src/main/java/com/shatteredpixel/shatteredpixeldungeon/actors/mobs/Pylon.java	d0f0bb8fa3f4ca25dcf714e26ea8655f74bae9482727b9ce346566f0d39caee9	unported	-
core/src/main/java/com/shatteredpixel/shatteredpixeldungeon/actors/mobs/Rat.java	4547289e26de4e6d37a7b2bd8e6e2c46073f51db1a5b4444c8d41474c822cc70	unported	-
core/src/main/java/com/shatteredpixel/shatteredpixeldungeon/actors/mobs/RipperDemon.java	e0ec159b21f6ea9c3e474a2fbefebb23f16bff487f33fa26ef187ac54ccacac3	unported	-
core/src/main/java/com/shatteredpixel/shatteredpixeldungeon/actors/mobs/RotHeart.java	0660dcab9d03ce758dc2ab8cc8fb48dc32199a54de20f4bfef26ecfad06ca1da	unported	-
core/src/main/java/com/shatteredpixel/shatteredpixeldungeon/actors/mobs/RotLasher.java	c30cde52f2952a91e8d59867c089706d06295119390e536c5c529b168378f976	unported	-
core/src/main/java/com/shatteredpixel/shatteredpixeldungeon/actors/mobs/Scorpio.java	eaae0ba188940468dd328291b6781b6e5e51872687823c59ed2cb1c8eb1f428f	unported	-
core/src/main/java/com/shatteredpixel/shatteredpixeldungeon/actors/mobs/Senior.java	4be09d3886b5028238054cb64039faac3ea7a7a9dc4fb8fcbd2afad12ee3bcac	unported	-
core/src/main/java/com/shatteredpixel/shatteredpixeldungeon/actors/mobs/Shaman.java	b74efea0a9b41f6884a7f7212a58b32de95ef1f6b77939952ca298cf9b3b7db0	unported	-
core/src/main/java/com/shatteredpixel/shatteredpixeldungeon/actors/mobs/Skeleton.java	96697c8f0b4bbc6a131e695ab9859d902d91abebdbac5613682c90c9b74e2e26	unported	-
core/src/main/java/com/shatteredpixel/shatteredpixeldungeon/actors/mobs/Slime.java	27e358c9d7ad42a5b15f52abe03949e63a14164a4adcaef26d5bd49e35160d66	unported	-
core/src/main/java/com/shatteredpixel/shatteredpixeldungeon/actors/mobs/Snake.java	2c79d5b19330de1a73e4a48569614eab449a6383dae1dce557307c2ff7a3adce	unported	-
core/src/main/java/com/shatteredpixel/shatteredpixeldungeon/actors/mobs/SpectralNecromancer.java	6770a99bef38ff837eab64f2cbccec797051d211fee5898d7c88bb9201f18f75	unported	-
core/src/main/java/com/shatteredpixel/shatteredpixeldungeon/actors/mobs/Spinner.java	74136918d71c05a1bcd611c7d552ecfb8058ae1a7268423934d107aff8cee876	unported	-
core/src/main/java/com/shatteredpixel/shatteredpixeldungeon/actors/mobs/Statue.java	e0f065a5e05e8b0f25127393bab287a258ae61bb2098dabadd7aac6c109aa95a	unported	-
core/src/main/java/com/shatteredpixel/shatteredpixeldungeon/actors/mobs/Succubus.java	b4760ae67c714f25ea75d225735a804f92cf94c94d40ab690861fd1094c83e08	unported	-
core/src/main/java/com/shatteredpixel/shatteredpixeldungeon/actors/mobs/Swarm.java	75ba3fe18e594fa5e8a79cd0d3f251208d42e9bbdf35559d17ea615ff94dc04c	unported	-
core/src/main/java/com/shatteredpixel/shatteredpixeldungeon/actors/mobs/Tengu.java	d23867bd8dc55c2f72e7b3d8874ade507773c2be82a7ddbbe4b6601c75e2faf3	unported	-
core/src/main/java/com/shatteredpixel/shatteredpixeldungeon/actors/mobs/Thief.java	7401b3766e9e89d697a3642778fa6b0cddf68566a9c3154814dbb4bbe4ab9bd0	unported	-
core/src/main/java/com/shatteredpixel/shatteredpixeldungeon/actors/mobs/TormentedSpirit.java	56279f6a66b6b3e3fb4955f2917646b66897a9dc2941bb19de8a41c481420eac	unported	-
core/src/main/java/com/shatteredpixel/shatteredpixeldungeon/actors/mobs/Warlock.java	7bf94c8947b882fd3b2a29cb3b5afbdd775313b2576793bc21790f17f8adf9b9	unported	-
core/src/main/java/com/shatteredpixel/shatteredpixeldungeon/actors/mobs/Wraith.java	19fb18238494080c7a2fa249b21e81a151f5f00477f9c437fc423d106fee14bb	unported	-
core/src/main/java/com/shatteredpixel/shatteredpixeldungeon/actors/mobs/YogDzewa.java	ad40df87dcb15a5bc30c60be579115404738adf7cb54a2c27607831b36d6a1a5	unported	-
core/src/main/java/com/shatteredpixel/shatteredpixeldungeon/actors/mobs/YogFist.java	ad60bd2369f475faaa43aeefcbbfa875cf8c2e941f5d2203536bc3cbb2c92a65	unported	-
core/src/main/java/com/shatteredpixel/shatteredpixeldungeon/actors/mobs/npcs/Blacksmith.java	aba012106a96fea5a449165dc2e2e522d46d11b4c08529e357f6714a15dae7fb	unported	-
core/src/main/java/com/shatteredpixel/shatteredpixeldungeon/actors/mobs/npcs/DirectableAlly.java	138c3fa629eaf852049840bfa54d09b4539ea321333dc5b8ccec449c71a049ec	unported	-
core/src/main/java/com/shatteredpixel/shatteredpixeldungeon/actors/mobs/npcs/Ghost.java	1d4278e26940945ec1c02c3eb780dd90aff5d54c57b68083373e0c6fc103423b	unported	-
core/src/main/java/com/shatteredpixel/shatteredpixeldungeon/actors/mobs/npcs/Imp.java	95756d4f6172a7d39bba15877dca9d2d9885df4263173d512e8c6245a3b7e78e	unported	-
core/src/main/java/com/shatteredpixel/shatteredpixeldungeon/actors/mobs/npcs/ImpShopkeeper.java	c10478e3c09efb1a3d72f6ec9f792f9f8d467e6baacc89075ae574d6f508d71f	unported	-
core/src/main/java/com/shatteredpixel/shatteredpixeldungeon/actors/mobs/npcs/MirrorImage.java	e8dfb84f6dbc187b2b38292a49b70d9d8de7c324c4ec02448ee6bb63bbf3bd18	unported	-
core/src/main/java/com/shatteredpixel/shatteredpixeldungeon/actors/mobs/npcs/NPC.java	d8283235e975ccee6adeca39599f7d15f4890536080aae44d33a3bf005a25024	unported	-
core/src/main/java/com/shatteredpixel/shatteredpixeldungeon/actors/mobs/npcs/PrismaticImage.java	efb3f8ad0651b5003a8c3954351db2b01647ba154e4a7ae23d36a0129a5a68e9	unported	-
core/src/main/java/com/shatteredpixel/shatteredpixeldungeon/actors/mobs/npcs/RatKing.java	d70c337871951904582d37fe89d710f7dc3db5fa0b518f9fc030d4d34247ad3c	unported	-
core/src/main/java/com/shatteredpixel/shatteredpixeldungeon/actors/mobs/npcs/Sheep.java	ed7c77f99ff9edf07f23939b50fa280b2124f48781b00e8d5c478d3d775792b1	unported	-
core/src/main/java/com/shatteredpixel/shatteredpixeldungeon/actors/mobs/npcs/Shopkeeper.java	c31c5f242db57946fd0197a4e74a5542a13887d6f9cbdd4abbb9a6e5a8627fe3	unported	-
core/src/main/java/com/shatteredpixel/shatteredpixeldungeon/actors/mobs/npcs/VaultLaser.java	27b61443e7ef5e68acd13d5f0464148d8075775aa5d0b03c6a5fd1815e00e2f0	unported	-
core/src/main/java/com/shatteredpixel/shatteredpixeldungeon/actors/mobs/npcs/VaultMirror.java	819711aec521e67d0130a7d0ffa0b1dd1561fe0407fe32bd3d34cdbd07d85d95	unported	-
core/src/main/java/com/shatteredpixel/shatteredpixeldungeon/actors/mobs/npcs/VaultSentry.java	e49d8e9e4c2da04bf685478231e31ba8bf629671f14077b0593f525f1f63eb72	unported	-
core/src/main/java/com/shatteredpixel/shatteredpixeldungeon/actors/mobs/npcs/VaultTokenDoor.java	20e305199942bb062a3011e15b374ed7e61fd23f528d25ebaceb895512e2622f	unported	-
core/src/main/java/com/shatteredpixel/shatteredpixeldungeon/actors/mobs/npcs/Wandmaker.java	47640d122c14711416729f5e8bafcbfb05d1df111db013816f7ced013499836f	unported	-
core/src/main/java/com/shatteredpixel/shatteredpixeldungeon/actors/mobs/quest/vault/VaultBossElemental.java	a34fbdc4581a5bf6921404cffafd85350d24e6e9f15c6d35dd5b7ce069aa7553	unported	-
core/src/main/java/com/shatteredpixel/shatteredpixeldungeon/actors/mobs/quest/vault/VaultDM100.java	ecc9a5fa998bca85740ad6f05b18d6107c7482e6bb6c2d6869c8e8c612a27e40	unported	-
core/src/main/java/com/shatteredpixel/shatteredpixeldungeon/actors/mobs/quest/vault/VaultDM200.java	a9a9ac0a552c033a745c37723dbb4a10351c3b4dd233d956a8655e00113eeaff	unported	-
core/src/main/java/com/shatteredpixel/shatteredpixeldungeon/actors/mobs/quest/vault/VaultElemental.java	7f9442e5e33c2c9d2be759e1bbde156f188f647e8bcc33419cba5772599044fe	unported	-
core/src/main/java/com/shatteredpixel/shatteredpixeldungeon/actors/mobs/quest/vault/VaultGhoul.java	f14124a018f1e40cefda6d723bc63a91f6c2410a8e646a03b9e927297f58caf8	unported	-
core/src/main/java/com/shatteredpixel/shatteredpixeldungeon/actors/mobs/quest/vault/VaultGolem.java	7f19728ffa3e3200ef75c7b0e7d2bdd4adbb56171507128b07b86070b32f0196	unported	-
core/src/main/java/com/shatteredpixel/shatteredpixeldungeon/actors/mobs/quest/vault/VaultRat.java	453d1174f9dcc4d6a2fae213c3f52bfb7e6c2dd73e0ad3c2907d841c993e0115	unported	-
core/src/main/java/com/shatteredpixel/shatteredpixeldungeon/actors/mobs/quest/vault/VaultShaman.java	3fe4f893b2db716acc9aa150d04dac07f8899a47e19732b161707b2cde743c4d	unported	-
core/src/main/java/com/shatteredpixel/shatteredpixeldungeon/actors/mobs/quest/vault/VaultSkeleton.java	573096571d996d5071790b54274d438f4bb4aa113f1cd7131d2150708208027f	unported	-
core/src/main/java/com/shatteredpixel/shatteredpixeldungeon/effects/BadgeBanner.java	063023293c33c3379736eb326649c1d1874b7812929e1ba647c8ec49a5f9ec72	unported	-
core/src/main/java/com/shatteredpixel/shatteredpixeldungeon/effects/BannerSprites.java	35ef238be22b3f2783c02e9b052eb6975607a3e676785b2b31e5a14456c3ed20	unported	-
core/src/main/java/com/shatteredpixel/shatteredpixeldungeon/effects/Beam.java	359790434c3258bccd5192013d5896da25a3f5fc5d14df9977afe54afc7a7ab7	unported	-
core/src/main/java/com/shatteredpixel/shatteredpixeldungeon/effects/BlobEmitter.java	309a549c6e2251dd06fabeb38aeebab6756ad205967efd81e5f7a8f58ed43527	unported	-
core/src/main/java/com/shatteredpixel/shatteredpixeldungeon/effects/CellEmitter.java	840b37dd077d75cdaedfcb5139cf2f455f78fc79b18430368a9a592cf5141d49	unported	-
core/src/main/java/com/shatteredpixel/shatteredpixeldungeon/effects/Chains.java	a79659cad4a0942e60230ce31b7d2455bd08e894f40a0dd5669f97223f081d85	unported	-
core/src/main/java/com/shatteredpixel/shatteredpixeldungeon/effects/CheckedCell.java	2b93ceac383c6b9501accf1da655b1a48562cc992f649f5eecb43753aacd501f	unported	-
core/src/main/java/com/shatteredpixel/shatteredpixeldungeon/effects/CircleArc.java	0455a157ed4e21d9934b3b05f478c6983bda609f2fdab91d3df0d5bfc1d707f3	unported	-
core/src/main/java/com/shatteredpixel/shatteredpixeldungeon/effects/DarkBlock.java	8c99b226a0879a8f9b500c80eec50124e19416e3ccc5e40b9375512d23112849	unported	-
core/src/main/java/com/shatteredpixel/shatteredpixeldungeon/effects/Degradation.java	be6cefb15f4631be584be2bd1bd71a7bbc30315fb54462abc71f16eacfb846e6	unported	-
core/src/main/java/com/shatteredpixel/shatteredpixeldungeon/effects/Effects.java	b163c104ad419f673b899de89a2be50be70801dc481b37b0073d9d88c4626b9d	unported	-
core/src/main/java/com/shatteredpixel/shatteredpixeldungeon/effects/EmoIcon.java	0a43c965f263cac2f57ee342cb84cb35c5846a5ed007ecab2d3bb1eed39d6ac4	unported	-
core/src/main/java/com/shatteredpixel/shatteredpixeldungeon/effects/Enchanting.java	4cadb52b85cf1d8c8b2463ba1938ac44857a6968bf7f2bb1d884e52a467fc897	unported	-
core/src/main/java/com/shatteredpixel/shatteredpixeldungeon/effects/Fireball.java	379744ec51774ad2d9322de2527a1e5162b59842c1a431d6d09550cc8eba65f5	unported	-
core/src/main/java/com/shatteredpixel/shatteredpixeldungeon/effects/Flare.java	9100b68a8cd08ced874350f2e3d9fcb0f535098d701a4f4ff7cb5fcaff4b7be2	unported	-
core/src/main/java/com/shatteredpixel/shatteredpixeldungeon/effects/FloatingText.java	0019d10e0670881f0636488d6436249de00859d75ce6920f1b53683a65f6cea9	unported	-
core/src/main/java/com/shatteredpixel/shatteredpixeldungeon/effects/GlowBlock.java	5194104b72101a06042f1e2eeff66d08068771ef09f9fe7af397e17f6efae818	unported	-
core/src/main/java/com/shatteredpixel/shatteredpixeldungeon/effects/IceBlock.java	1a2ae5da96b36c25ce074c7ce16b80be048083d3507c471d603ceb98dbd8c6b2	unported	-
core/src/main/java/com/shatteredpixel/shatteredpixeldungeon/effects/Identification.java	8b4e4ba2e0bfa257e567b4f45b69aa34fcb1d9fd99da692a8aca765a2ea7f080	unported	-
core/src/main/java/com/shatteredpixel/shatteredpixeldungeon/effects/Lightning.java	bfddd150c4605c1a8efc51147b6567098376fa85bf87266358b76bdac4f1af56	unported	-
core/src/main/java/com/shatteredpixel/shatteredpixeldungeon/effects/MagicMissile.java	46fecec6b2b3d74c966be5133ea03bf9048a048829b4c872f4cca410fd991015	unported	-
core/src/main/java/com/shatteredpixel/shatteredpixeldungeon/effects/Pushing.java	121879348fd9b587c2ebcfaef681a6c3182b5f693d36b69bee496ffb1c54fd32	unported	-
core/src/main/java/com/shatteredpixel/shatteredpixeldungeon/effects/Ripple.java	b4dbdffe3e0839bdde6632ac241033b3ea648adf31e2923225c6eacc4481e91a	unported	-
core/src/main/java/com/shatteredpixel/shatteredpixeldungeon/effects/ShadowBox.java	7532fceff1fa73fc7d8ab2b3c7398075786af87ac0dd4d417cab9a0664cf0703	unported	-
core/src/main/java/com/shatteredpixel/shatteredpixeldungeon/effects/ShieldHalo.java	790d01bff8c457f2334eac216ac159bc929a10c296407fa58057d6d28c22536c	unported	-
core/src/main/java/com/shatteredpixel/shatteredpixeldungeon/effects/Speck.java	22b043cee2f37b6f30bdd30c6b569fc60d958b669c96e866ac9333e4584e1b0a	unported	-
core/src/main/java/com/shatteredpixel/shatteredpixeldungeon/effects/SpellSprite.java	5600dfc618596fadd5918b7fb6789e199cfd35bfb561ffb18b0ee0c9731c73c6	unported	-
core/src/main/java/com/shatteredpixel/shatteredpixeldungeon/effects/Splash.java	ad727321b9ef373e13c4b1e9b3ae0482ad6b77e43c1ccbf31ab4454eb48994d8	unported	-
core/src/main/java/com/shatteredpixel/shatteredpixeldungeon/effects/Surprise.java	b925622c095c986718bb33475b259cfe658a519a8a27713fc8a430cbb58d490e	unported	-
core/src/main/java/com/shatteredpixel/shatteredpixeldungeon/effects/Swap.java	d7b8938560ea681253fa8ef3dc9b269c5ef22d05480fd6c7926cb8fd441f59e2	unported	-
core/src/main/java/com/shatteredpixel/shatteredpixeldungeon/effects/TargetedCell.java	7a0cbca0dc71c8fd9e8190697f80ae2e05273e7cbb084ceb14b0be98c546a36f	unported	-
core/src/main/java/com/shatteredpixel/shatteredpixeldungeon/effects/TorchHalo.java	9762c59ed259609a5c8dc34b39f8bc9550a2362032309027ec0790cc7b58e0ef	unported	-
core/src/main/java/com/shatteredpixel/shatteredpixeldungeon/effects/Transmuting.java	0b8b03ed3d69c7801ba0985c6ed71501650007ede486e0216bf1c4a2c7964fa5	unported	-
core/src/main/java/com/shatteredpixel/shatteredpixeldungeon/effects/Wound.java	be28c77acacbb8cfc3071b5486b0a518147c8ffb892664455a21bcd41f51cc5c	unported	-
core/src/main/java/com/shatteredpixel/shatteredpixeldungeon/effects/particles/BlastParticle.java	4c4555bc87a3b065bcff6ff77172793adab2dc14ea1b41f3701442776d45a742	unported	-
core/src/main/java/com/shatteredpixel/shatteredpixeldungeon/effects/particles/BloodParticle.java	5a3fa55aaa9e8a1fd5f145ddf179f4847c39244ee6fc6e020400eac3b2d8d235	unported	-
core/src/main/java/com/shatteredpixel/shatteredpixeldungeon/effects/particles/ChallengeParticle.java	3ba23d9a18fc23b19f07645eb35030f0a0dea2c1cb162cc38441c3ed7a8880e6	unported	-
core/src/main/java/com/shatteredpixel/shatteredpixeldungeon/effects/particles/CorrosionParticle.java	966e2c8ef7838b17fcaa2d93c4691e0488f8c7c16e81d5bd3d6d82ef7809527c	unported	-
core/src/main/java/com/shatteredpixel/shatteredpixeldungeon/effects/particles/EarthParticle.java	40d4dbbc164b79d2fcedfb7ffb077ffffcf5e7741ada324697c183499c57fcf1	unported	-
core/src/main/java/com/shatteredpixel/shatteredpixeldungeon/effects/particles/ElmoParticle.java	4c689beaec90729f99d3ff5880d0c661fca6d73659545076b7153e52ac874e1e	unported	-
core/src/main/java/com/shatteredpixel/shatteredpixeldungeon/effects/particles/EnergyParticle.java	75d5c0dcf5c768f7a167cd6f60ee46c1847272f4d327536d7d5985ce39418aab	unported	-
core/src/main/java/com/shatteredpixel/shatteredpixeldungeon/effects/particles/FlameParticle.java	7e2b6560173969e7d09cd7ac2817bd6dfd080ed4a94275ed7ac35881b17b8a90	unported	-
core/src/main/java/com/shatteredpixel/shatteredpixeldungeon/effects/particles/FlowParticle.java	ff0e1d90b4c2928c099b7ff23fc0b53132d796354c70bf6ed22b2c30fcceea74	unported	-
core/src/main/java/com/shatteredpixel/shatteredpixeldungeon/effects/particles/LeafParticle.java	8f49f108f8447717efc3268b36e4e0015e8859c2c1bda71d57de4acd0e7ac808	unported	-
core/src/main/java/com/shatteredpixel/shatteredpixeldungeon/effects/particles/PitfallParticle.java	2666387bff21a4d655e9a43360146ec2a9f37e83e60a8faf18eb9d12d4400452	unported	-
core/src/main/java/com/shatteredpixel/shatteredpixeldungeon/effects/particles/PoisonParticle.java	7f16c2299ac649306c365a164765d19f61e7434a54dbb345c8bb31032d46b3ae	unported	-
core/src/main/java/com/shatteredpixel/shatteredpixeldungeon/effects/particles/PurpleParticle.java	1fe38a31a0c9e4587e60130abe65323c8acf4b8a07004aa9e9707a9203bac3d9	unported	-
core/src/main/java/com/shatteredpixel/shatteredpixeldungeon/effects/particles/RainbowParticle.java	bf5ecfc8dae96aea0eabf9d57d6095fcf2be14c9c8c0bdb429d987fe350517b4	unported	-
core/src/main/java/com/shatteredpixel/shatteredpixeldungeon/effects/particles/SacrificialParticle.java	bb7f19c35615dec624267fb89ca00273698c6a5ccd0f2c77070413196f069e62	unported	-
core/src/main/java/com/shatteredpixel/shatteredpixeldungeon/effects/particles/ShadowParticle.java	7474fd0ca5a8fa9ae3c844a96440ce05c51b548b76a708a13cad5a67ec3424dd	unported	-
core/src/main/java/com/shatteredpixel/shatteredpixeldungeon/effects/particles/ShaftParticle.java	fba9aa827af65589f40dba93a2b0c32b532bce377236c9d2b99fad3f4834a42b	unported	-
core/src/main/java/com/shatteredpixel/shatteredpixeldungeon/effects/particles/SmokeParticle.java	393caed2dff8d928123066afd0b644ff42750a43b2d7325f226a3a9705d50938	unported	-
core/src/main/java/com/shatteredpixel/shatteredpixeldungeon/effects/particles/SnowParticle.java	89f6a86cf23584d5fae22c6aad6eb8073684e4e45c9db646a6a2e89db76e4ab2	unported	-
core/src/main/java/com/shatteredpixel/shatteredpixeldungeon/effects/particles/SparkParticle.java	902fcd1e4bdd3d2b356ca921effb43f9d4a82b76fbc1ca5da3e4d9cea80105c6	unported	-
core/src/main/java/com/shatteredpixel/shatteredpixeldungeon/effects/particles/SpectralWallParticle.java	9fd6d303986d9885e923c3d9c6c156f361deb53decc929c53b7fe3c7b4e65521	unported	-
core/src/main/java/com/shatteredpixel/shatteredpixeldungeon/effects/particles/WebParticle.java	afb3e49386633c4859bb3fc726e72ac0619700c01172d44f360911f8acb47d56	unported	-
core/src/main/java/com/shatteredpixel/shatteredpixeldungeon/effects/particles/WindParticle.java	e4e4d468331b64b582af9e3909c01c0bfd9d299e6abbc5d4e579bc971793748b	unported	-
core/src/main/java/com/shatteredpixel/shatteredpixeldungeon/effects/particles/WoolParticle.java	2c38c1a6b470b3124e7263c13b78fea8db2519eb228c3fe92843b538f2eb21fc	unported	-
core/src/main/java/com/shatteredpixel/shatteredpixeldungeon/items/Amulet.java	88162c74e8ccf1bdf8c0ac7a56c6f9f40b4a5770e7c7437d0613d62dbf3a1ff6	unported	-
core/src/main/java/com/shatteredpixel/shatteredpixeldungeon/items/Ankh.java	332dd28fa1a9f00c281a80788f4654b77b480b2e7c6736d26a96301d5204baac	unported	-
core/src/main/java/com/shatteredpixel/shatteredpixeldungeon/items/ArcaneResin.java	e35152517e77bf40d69dc503ef165c430c66381a7377d7d73bb07c521fa2d7ae	unported	-
core/src/main/java/com/shatteredpixel/shatteredpixeldungeon/items/BrokenSeal.java	61fd4f08926f5e0d2532a7df5c7cc3a6919b1d982cdab779eda19c6f48ec56df	unported	-
core/src/main/java/com/shatteredpixel/shatteredpixeldungeon/items/Dewdrop.java	496901dacd185338490cb9f9e55a31baef82567ee37bcfb8cda33bdc8828af55	unported	-
core/src/main/java/com/shatteredpixel/shatteredpixeldungeon/items/EnergyCrystal.java	63a7b31a76ff62470e9a3aa84b0aebd00b26078bda9bda4b52359eb6b23188ee	unported	-
core/src/main/java/com/shatteredpixel/shatteredpixeldungeon/items/EquipableItem.java	449f823bb1e442f8d01ac6c60d6cd5352f7e3a2150dc9222a6a7336f27c85b65	unported	-
core/src/main/java/com/shatteredpixel/shatteredpixeldungeon/items/Generator.java	f57a7737cef8fe0e598011c420c2012bc05eafc415cf5d43dc6061f56c901edc	partial	run.gd
core/src/main/java/com/shatteredpixel/shatteredpixeldungeon/items/Gold.java	1e30b8fa40f2341bc656162f8cf7b669f07f67de2d7546744f5a5cfe7b79e85f	unported	-
core/src/main/java/com/shatteredpixel/shatteredpixeldungeon/items/Heap.java	efc43568ab528bd5aa0ba7c79b537fd34ff42621db0dd73e5da6932641668eec	unported	-
core/src/main/java/com/shatteredpixel/shatteredpixeldungeon/items/Honeypot.java	2a50ba9353f37693d2c7184fedb6995493925a86f777d75f28bfd4ad20563f15	unported	-
core/src/main/java/com/shatteredpixel/shatteredpixeldungeon/items/Item.java	f849cab7f08f3ea9ae2eb8d706445f048d09e691061da108046ff2e45fd77bce	unported	-
core/src/main/java/com/shatteredpixel/shatteredpixeldungeon/items/ItemStatusHandler.java	a6140db07afea7f9267e1e02d59a5292fc9b319419dd8947c369b2a04f8f60c6	unported	-
core/src/main/java/com/shatteredpixel/shatteredpixeldungeon/items/KindOfWeapon.java	c71abbabb2fc4f0297055d82f0e3047b941f792158f22c7903cf58f2345be639	unported	-
core/src/main/java/com/shatteredpixel/shatteredpixeldungeon/items/KindofMisc.java	bce90c78637d44bb081695acf8b92754a0194eef362272593c3c62e3e5b8e514	unported	-
core/src/main/java/com/shatteredpixel/shatteredpixeldungeon/items/KingsCrown.java	f5e8c5fedfb185f512643165f408fa7fba9e9ae4173622d47630a9800d32300a	unported	-
core/src/main/java/com/shatteredpixel/shatteredpixeldungeon/items/LiquidMetal.java	e3f43cbef5bbe98ff37f0fdc8c56af61963a4d0c00c5bd15e0e72b8a8141971f	unported	-
core/src/main/java/com/shatteredpixel/shatteredpixeldungeon/items/LostBackpack.java	7c18f6d61f0cdfd2b9bc0cc2e506db95606f5ab9843381772a83fd6aa10b0f58	unported	-
core/src/main/java/com/shatteredpixel/shatteredpixeldungeon/items/Recipe.java	b5016116e82f8255b108adc99d688ca8f5b1100252f8f268d19def431bdb0dbf	unported	-
core/src/main/java/com/shatteredpixel/shatteredpixeldungeon/items/Stylus.java	56cbb0eae66a168af886aa0fc67679f869d32f870a66636967906b17716b8429	unported	-
core/src/main/java/com/shatteredpixel/shatteredpixeldungeon/items/TengusMask.java	839ff0cf6ee7be3d81f482230995feda2d4b177399c47b16d5e419687c687283	unported	-
core/src/main/java/com/shatteredpixel/shatteredpixeldungeon/items/Torch.java	84768f0e7882792997cb5f7875ec4a2d52894716f4e9a6326e9f93c26489f760	unported	-
core/src/main/java/com/shatteredpixel/shatteredpixeldungeon/items/Waterskin.java	6565c9d97eff302c7f0aa0fbfa9ddafb47ac6a64283658046c51fcd4a164e8e0	unported	-
core/src/main/java/com/shatteredpixel/shatteredpixeldungeon/items/armor/Armor.java	017235fdff9d8073fe3a3c056905f9d9822795b306d68688aa0a8b3ebef0aa4f	unported	-
core/src/main/java/com/shatteredpixel/shatteredpixeldungeon/items/armor/ClassArmor.java	2cff68eba4f9ab85459b7a133f65fae04ed8b5f9319abf73556a9f29e26e7e94	unported	-
core/src/main/java/com/shatteredpixel/shatteredpixeldungeon/items/armor/ClericArmor.java	4614ab172c39fb4a5f788e064ca8d53232cca72ee956ea47f7832101c4b9ae06	unported	-
core/src/main/java/com/shatteredpixel/shatteredpixeldungeon/items/armor/ClothArmor.java	6bd5a9b0053b4047f6fb814359264b59dc5b797e459329bfa51d77f617e175ff	unported	-
core/src/main/java/com/shatteredpixel/shatteredpixeldungeon/items/armor/DuelistArmor.java	98cbaab1b5906763731ca6602aef37817208b4b76e1391c3586a9ae9c34ca946	unported	-
core/src/main/java/com/shatteredpixel/shatteredpixeldungeon/items/armor/HuntressArmor.java	736f807a005d84d6c0407fe985164fe70eeae255781c1d45badd0cd5a80cf5df	unported	-
core/src/main/java/com/shatteredpixel/shatteredpixeldungeon/items/armor/LeatherArmor.java	0eb8559e270d7675db22a38882b7e6087de7d3f43218e70224d52b5744278dd9	unported	-
core/src/main/java/com/shatteredpixel/shatteredpixeldungeon/items/armor/MageArmor.java	2a9fb296013b52dad794fc85dc93642240bb76730c5322a3be0a54571cbebaea	unported	-
core/src/main/java/com/shatteredpixel/shatteredpixeldungeon/items/armor/MailArmor.java	be0de4931403656e58b54a16cb0799b323e6f9f368e79dbb501159eb3045664e	unported	-
core/src/main/java/com/shatteredpixel/shatteredpixeldungeon/items/armor/PlateArmor.java	022c8a4c448d9e94bda5560b7c5003ac1e2df3942b980ce432dd8aca67bb7fc2	unported	-
core/src/main/java/com/shatteredpixel/shatteredpixeldungeon/items/armor/RogueArmor.java	d50011f64fdbe72934b5cc1dce3eb8492681bad323b9ec8afa3a16f29082f933	unported	-
core/src/main/java/com/shatteredpixel/shatteredpixeldungeon/items/armor/ScaleArmor.java	c4d963fa25a2125dda09e46b78bf39f97f5cce67af35102608e2315fbeb80dac	unported	-
core/src/main/java/com/shatteredpixel/shatteredpixeldungeon/items/armor/WarriorArmor.java	bebe3c572d1fd90658604bee1c50b83f0528085d8ebb782c49b505a83e257158	unported	-
core/src/main/java/com/shatteredpixel/shatteredpixeldungeon/items/armor/curses/AntiEntropy.java	8a6c8c0f41b69868f6aa1824e33d3368a902aa4ee6cef68b6918fe7a81c916dd	unported	-
core/src/main/java/com/shatteredpixel/shatteredpixeldungeon/items/armor/curses/Bulk.java	9c7f8eb0b5da90066efb537a988e1affcff82ef1eeb4a02b4a82fe50601f13af	unported	-
core/src/main/java/com/shatteredpixel/shatteredpixeldungeon/items/armor/curses/Corrosion.java	c2d3a32bd0fab0afee5543b4230255590b5d8a2e453aed22af7a7258ff572f7b	unported	-
core/src/main/java/com/shatteredpixel/shatteredpixeldungeon/items/armor/curses/Displacement.java	448fe2565b88fa6b6a48e296f71808bf241850ad0f195af6028d536a940337e8	unported	-
core/src/main/java/com/shatteredpixel/shatteredpixeldungeon/items/armor/curses/Metabolism.java	b31d2475c426747870c762de8cb86696c2b9019c13e604275dc85fe6f44d5a8b	unported	-
core/src/main/java/com/shatteredpixel/shatteredpixeldungeon/items/armor/curses/Multiplicity.java	f439224e5bb83a19fcf8afc4bc88d741a5d4607d25d9a417429cb5362b46fadf	unported	-
core/src/main/java/com/shatteredpixel/shatteredpixeldungeon/items/armor/curses/Overgrowth.java	82ec3b6c0da6096f14f5403cd08fa88a218229324147aea18d17b0da53f64c24	unported	-
core/src/main/java/com/shatteredpixel/shatteredpixeldungeon/items/armor/curses/Stench.java	71518d04e780a05288d34b93bcf487b1ba20532028f7d147b51f73ee0415f491	unported	-
core/src/main/java/com/shatteredpixel/shatteredpixeldungeon/items/armor/glyphs/Affection.java	f084cc97130012e8b06edf3406237acccc8eeafd0eba0c316220072f246e1f86	unported	-
core/src/main/java/com/shatteredpixel/shatteredpixeldungeon/items/armor/glyphs/AntiMagic.java	d22f4145b475c99bb2386e2f5a381a6a0dcf7aeca596c7e871091f650282edf2	unported	-
core/src/main/java/com/shatteredpixel/shatteredpixeldungeon/items/armor/glyphs/Brimstone.java	1bc08b0a40fe75c331d392282b23b66e87f8342e17a49a3655b0676f7117a66a	unported	-
core/src/main/java/com/shatteredpixel/shatteredpixeldungeon/items/armor/glyphs/Camouflage.java	591a3f2657629c8c6c7a826879430b6001aaa9b33818f8eac3b17ac93d51f2a0	unported	-
core/src/main/java/com/shatteredpixel/shatteredpixeldungeon/items/armor/glyphs/Entanglement.java	2602f0d4b3f5ef180fe03358f08ff2752647b8bbdbfa7e569f5084c7d51df59f	unported	-
core/src/main/java/com/shatteredpixel/shatteredpixeldungeon/items/armor/glyphs/Flow.java	c1e110c0960108059c0aa3e87f94bee4df43dadfd54e8ecff1f6f5e1d581555e	unported	-
core/src/main/java/com/shatteredpixel/shatteredpixeldungeon/items/armor/glyphs/Obfuscation.java	ddc25431e8a9fab83b411e2fc99bf97abf63b007716eacf4ad27611d873315da	unported	-
core/src/main/java/com/shatteredpixel/shatteredpixeldungeon/items/armor/glyphs/Potential.java	4fc766e080d06addb1a28a8d71294d296a891b872da5259f5ef12fb52226354c	unported	-
core/src/main/java/com/shatteredpixel/shatteredpixeldungeon/items/armor/glyphs/Repulsion.java	693a8928e729fc4ea39e793664b52479de8f7e156883d39683fd9612aa10f615	unported	-
core/src/main/java/com/shatteredpixel/shatteredpixeldungeon/items/armor/glyphs/Stone.java	7a06e42130ab82587deff2dc80bc19e487dd09b14e5ce0fc1bc5927a11959159	unported	-
core/src/main/java/com/shatteredpixel/shatteredpixeldungeon/items/armor/glyphs/Swiftness.java	c06760c19c68dc739b5a60674665e9a0fe66d112b992c37dacf3ea5cd2a0a0ad	unported	-
core/src/main/java/com/shatteredpixel/shatteredpixeldungeon/items/armor/glyphs/Thorns.java	18d776fd8ceadf3490bb5c089758796aa92d909791564de11d74ae882565fd7e	unported	-
core/src/main/java/com/shatteredpixel/shatteredpixeldungeon/items/armor/glyphs/Viscosity.java	8d664a6b1ab6f546e7afe3e0ab763ffb6713bb5874a320ffceca147b061dd4a1	unported	-
core/src/main/java/com/shatteredpixel/shatteredpixeldungeon/items/artifacts/AlchemistsToolkit.java	8a61e86d42104e47d79f902de6703672683c9ac67e58d7ba67c32ce6a8eabfab	unported	-
core/src/main/java/com/shatteredpixel/shatteredpixeldungeon/items/artifacts/Artifact.java	3744d778e78c057b71d306b13cbad38699ce61a4849c315df66df799209e1dab	unported	-
core/src/main/java/com/shatteredpixel/shatteredpixeldungeon/items/artifacts/CapeOfThorns.java	ac36a7fa1b701c2d4e47d83b8f511cd4dfb78f0af672ff583acc0d8a5ceeb520	unported	-
core/src/main/java/com/shatteredpixel/shatteredpixeldungeon/items/artifacts/ChaliceOfBlood.java	c92eb91c2f4b99e2470a07d86d49fe1a605dabf79567f7b2aa0c9ac19fc87ea4	unported	-
core/src/main/java/com/shatteredpixel/shatteredpixeldungeon/items/artifacts/CloakOfShadows.java	3175339411c5a062bd984e39ee27a6ebd517185d623c66d22a51cdb1e0385a6f	unported	-
core/src/main/java/com/shatteredpixel/shatteredpixeldungeon/items/artifacts/DriedRose.java	19c78b9f4495a520d8405d79a0acb3803cbcecaa21e8e7df2eb1ee9d4861f203	unported	-
core/src/main/java/com/shatteredpixel/shatteredpixeldungeon/items/artifacts/EtherealChains.java	4132242fed0dc6f836556b33ff0b2228b9e6a93dc14847ad87a19a209c6e09f8	unported	-
core/src/main/java/com/shatteredpixel/shatteredpixeldungeon/items/artifacts/HolyTome.java	ab5d2f15352b0494597ca9803bdeb87ac0fad0835068d76c682be0fd71ec3214	unported	-
core/src/main/java/com/shatteredpixel/shatteredpixeldungeon/items/artifacts/HornOfPlenty.java	a19082d3277f56d485d9c447c3d5596fbb1f83b94d1bb1b05071316770bfc130	unported	-
core/src/main/java/com/shatteredpixel/shatteredpixeldungeon/items/artifacts/LloydsBeacon.java	7fad1678021e0adfc533eaa3f9d0b3aeb7928fbd96edaa11d706518b7a068fc2	unported	-
core/src/main/java/com/shatteredpixel/shatteredpixeldungeon/items/artifacts/MasterThievesArmband.java	16bc75eee609d09fc401e869e315fae4e714ccf5211b5ab3677a15d533dbebec	unported	-
core/src/main/java/com/shatteredpixel/shatteredpixeldungeon/items/artifacts/SandalsOfNature.java	42d0a90993d219168ab3d7bad9867e55f19711c40c126fb6cd9115a442d103f7	unported	-
core/src/main/java/com/shatteredpixel/shatteredpixeldungeon/items/artifacts/SkeletonKey.java	ed0a1565b5f34c81f94bdd2f3143d6f6f1945705c8ee148199b064ee004be406	unported	-
core/src/main/java/com/shatteredpixel/shatteredpixeldungeon/items/artifacts/TalismanOfForesight.java	30179e55ad8f08753b4237227b5ea74ed8d19417c305e9bc1b95f53bc33c8304	unported	-
core/src/main/java/com/shatteredpixel/shatteredpixeldungeon/items/artifacts/TimekeepersHourglass.java	2dfcbcb3b8bdc3b0e19dbeb0269c902e91ffdfaa8cc4e3dd22b544ae71885390	unported	-
core/src/main/java/com/shatteredpixel/shatteredpixeldungeon/items/artifacts/UnstableSpellbook.java	d76ee2ed3dee3f1a1ddd6fd02cce2cc4d892df0f9fd8d540d5e728fd6324f20b	unported	-
core/src/main/java/com/shatteredpixel/shatteredpixeldungeon/items/bags/Bag.java	24d014a12b821aaca8cd6efaa6618a61e65109b93c3b6831ee58f82ba73c1dd2	unported	-
core/src/main/java/com/shatteredpixel/shatteredpixeldungeon/items/bags/MagicalHolster.java	0c2a4b00168c45d5a2287c597533a83ec066fdc1f943ff08bdffb9c32a913314	unported	-
core/src/main/java/com/shatteredpixel/shatteredpixeldungeon/items/bags/PotionBandolier.java	f57fc9a8957d570bbccadd883c22945282d0ff62733607ed113ad0d05ea7b032	unported	-
core/src/main/java/com/shatteredpixel/shatteredpixeldungeon/items/bags/ScrollHolder.java	4c70299c56edfb82f3e5766052b212110dbd9241b7c7f1da0fa192a78e3aed1a	unported	-
core/src/main/java/com/shatteredpixel/shatteredpixeldungeon/items/bags/VelvetPouch.java	c6b9c3ff9a1ab79436e37fe497ad9b70b28641bc6527a108ff3b285f881d41b9	unported	-
core/src/main/java/com/shatteredpixel/shatteredpixeldungeon/items/bombs/ArcaneBomb.java	455da75d52edbe479475c63aa9b623dbe6fd81ca6d28c27f4c3e92b145d75a0d	unported	-
core/src/main/java/com/shatteredpixel/shatteredpixeldungeon/items/bombs/Bomb.java	e19cac37f9401db0efd26107090de0076a31e3a14b1efbe11ee5673c9d9669ca	unported	-
core/src/main/java/com/shatteredpixel/shatteredpixeldungeon/items/bombs/Firebomb.java	88fbefa6bcf840eca2c280c9a3687cc3ae79f0d4bed4a249444470feface481d	unported	-
core/src/main/java/com/shatteredpixel/shatteredpixeldungeon/items/bombs/FlashBangBomb.java	eb0338ee97c110d053f541871c3e3e3decc1a95a157051839427ee9ccda56b98	unported	-
core/src/main/java/com/shatteredpixel/shatteredpixeldungeon/items/bombs/FrostBomb.java	82420191a5b43823c2e5597feeb88aca25e158f6824ad23b07bfbc41cf36f9f0	unported	-
core/src/main/java/com/shatteredpixel/shatteredpixeldungeon/items/bombs/HolyBomb.java	2466c7dcde8a1f8c30936ce468fe2b29480294097ce7b30ae62422b4426a739f	unported	-
core/src/main/java/com/shatteredpixel/shatteredpixeldungeon/items/bombs/Noisemaker.java	aa0d0a1535975932ce7f335f2c3ae453dfde93473e6a8cdf09b8009d07583304	unported	-
core/src/main/java/com/shatteredpixel/shatteredpixeldungeon/items/bombs/RegrowthBomb.java	43225ea3a88bc24c8c01472ea358970d808414a54a7720521caa59ef0e25ef17	unported	-
core/src/main/java/com/shatteredpixel/shatteredpixeldungeon/items/bombs/ShrapnelBomb.java	2ea13c8cce8ee10b10dd0f7463c813c5222246f3033489a7bc81fd552580f584	unported	-
core/src/main/java/com/shatteredpixel/shatteredpixeldungeon/items/bombs/SmokeBomb.java	39c372117dca91aba241535419cbd8f417d30234b83c20d6192d257fd2f0ecee	unported	-
core/src/main/java/com/shatteredpixel/shatteredpixeldungeon/items/bombs/WoollyBomb.java	925971f60f678d76299610ba36963f97444eef5bdf1324c18b9123e022dc826b	unported	-
core/src/main/java/com/shatteredpixel/shatteredpixeldungeon/items/food/Berry.java	7a27def08dad592cc327b865dc555d2e14895aca6a62b06d554e221139eddab9	unported	-
core/src/main/java/com/shatteredpixel/shatteredpixeldungeon/items/food/Blandfruit.java	d9e064205cf27451f102d9c7560725546f4188734d5b26a26b2c6f3ee7b6f791	unported	-
core/src/main/java/com/shatteredpixel/shatteredpixeldungeon/items/food/ChargrilledMeat.java	b35199a59cc2ab63e4303740bb22cf565be5d966671b35a3a6fb0e41c4151e2a	unported	-
core/src/main/java/com/shatteredpixel/shatteredpixeldungeon/items/food/Food.java	9e2c66ac7a5aeabca2c33bb8ffd524e9f54c6d52ee1879ba629fbaa640842e42	unported	-
core/src/main/java/com/shatteredpixel/shatteredpixeldungeon/items/food/FrozenCarpaccio.java	11ce80e14cd869fac4c0da809747189813fa67a86dfdd173d20c59fd202e63fe	unported	-
core/src/main/java/com/shatteredpixel/shatteredpixeldungeon/items/food/MeatPie.java	2f954a5a820f2075646f4f5343fd5abcd496452da75bd8cc7a36d9e2f8db8781	unported	-
core/src/main/java/com/shatteredpixel/shatteredpixeldungeon/items/food/MysteryMeat.java	054ee03c86e8299c9d4cd01edb5ee265c4e5810b888df413b712e68b2462a151	unported	-
core/src/main/java/com/shatteredpixel/shatteredpixeldungeon/items/food/Pasty.java	f7b3dfea8c55897070c15e6fb8968208e14412efcc2280e5ecfecd1323a704f7	unported	-
core/src/main/java/com/shatteredpixel/shatteredpixeldungeon/items/food/PhantomMeat.java	5735062954f8a0dc41d93d2d8e1df7aba9e523e95be3053efbf6c57c1e5239ad	unported	-
core/src/main/java/com/shatteredpixel/shatteredpixeldungeon/items/food/SmallRation.java	6f14d1f56a534ec3961b3df30f1bb1382852dce5c50d074fad7e796800d58752	unported	-
core/src/main/java/com/shatteredpixel/shatteredpixeldungeon/items/food/StewedMeat.java	c7243e0780902f9dd9983b7f8d6e7edfe348e487e260f29307e8086d0d0b3e22	unported	-
core/src/main/java/com/shatteredpixel/shatteredpixeldungeon/items/food/SupplyRation.java	6a1cdaa6845670249e7dc2817a82b3c37b0bfc272c53de56307719bec305060a	unported	-
core/src/main/java/com/shatteredpixel/shatteredpixeldungeon/items/journal/AlchemyPage.java	e42751a8a97ff3b1b5496a03f31ec0e22beb812e69929685d9009759757fdfd9	unported	-
core/src/main/java/com/shatteredpixel/shatteredpixeldungeon/items/journal/DocumentPage.java	513049bbf979b3e5dd9127e89cac78c2edf70effc0999d4456b751831e5a241e	unported	-
core/src/main/java/com/shatteredpixel/shatteredpixeldungeon/items/journal/GuidePage.java	617fbad9468f18a5aaa124be8e08f7aef4e970eed3977c1982bb9eed8b773782	unported	-
core/src/main/java/com/shatteredpixel/shatteredpixeldungeon/items/journal/Guidebook.java	6ad189dbac85c33bf7bf42d5c3e12fbcb9c22b06703101541398d6b907395746	unported	-
core/src/main/java/com/shatteredpixel/shatteredpixeldungeon/items/journal/RegionLorePage.java	c0e051e50cbee4e7c4fa19723dd82f27604f47ea66780ccdac1e30348cb33e91	unported	-
core/src/main/java/com/shatteredpixel/shatteredpixeldungeon/items/keys/CrystalKey.java	6affd7abd9de8a6297ae2edb98dab83e7e0c9ebb2f7b9e2de504b68034f2a721	unported	-
core/src/main/java/com/shatteredpixel/shatteredpixeldungeon/items/keys/GoldenKey.java	c115580fde5c0e4602c5edf1258d4a256246fa16ff3791ddb97a904309877cb2	unported	-
core/src/main/java/com/shatteredpixel/shatteredpixeldungeon/items/keys/IronKey.java	5f77eed2b1e98681ff21de33c85505ccd9d56135a5f8ead0edc87e97e91f5fb4	unported	-
core/src/main/java/com/shatteredpixel/shatteredpixeldungeon/items/keys/Key.java	f0c0840e37f8cd2ad68d85dff33b126a43a3232b7c01f815d9c4576629d1c358	unported	-
core/src/main/java/com/shatteredpixel/shatteredpixeldungeon/items/keys/WornKey.java	8909f87e5e50a846c172b33a6f18c50d289c85d7ec5f483f6e86ab920ea9cda2	unported	-
core/src/main/java/com/shatteredpixel/shatteredpixeldungeon/items/potions/Potion.java	2db6babc02d0140451779ba9a8ba99fee5c5efe78a33eb3c0c9ff7c672ded719	unported	-
core/src/main/java/com/shatteredpixel/shatteredpixeldungeon/items/potions/PotionOfExperience.java	ea0d400d2fa2bc31e22e42df5234d5a4e223a13d3ae78c0044993a20596e416e	unported	-
core/src/main/java/com/shatteredpixel/shatteredpixeldungeon/items/potions/PotionOfFrost.java	bcebb89f4e075e383303fca0278177a66e627a24ce2d23840983139931c8c546	unported	-
core/src/main/java/com/shatteredpixel/shatteredpixeldungeon/items/potions/PotionOfHaste.java	4e3693d82af33625227463630d5822facf91b3f30be9c85ba28a2b90c978590f	unported	-
core/src/main/java/com/shatteredpixel/shatteredpixeldungeon/items/potions/PotionOfHealing.java	98aaf39e1964398314588b5d8864fb0cdfeef4630c843f61addf85d714dc9448	unported	-
core/src/main/java/com/shatteredpixel/shatteredpixeldungeon/items/potions/PotionOfInvisibility.java	c933e3094c29cc097fa3a979f2a86b71a4ca091dbcdffdfa84007dd7c82207d7	unported	-
core/src/main/java/com/shatteredpixel/shatteredpixeldungeon/items/potions/PotionOfLevitation.java	0f702ccc50e3055e639f83f719e308c0eb9c1b4cecb36cac59658a98f6e9ace4	unported	-
core/src/main/java/com/shatteredpixel/shatteredpixeldungeon/items/potions/PotionOfLiquidFlame.java	456c4ee996af89836821b3960affb84efb05bbd3ae1e0e1d6b9e124487d6ef78	unported	-
core/src/main/java/com/shatteredpixel/shatteredpixeldungeon/items/potions/PotionOfMindVision.java	915d24872fa3fc366dd0c28990c00825860a670b23023b23fba1df3a8393c09e	unported	-
core/src/main/java/com/shatteredpixel/shatteredpixeldungeon/items/potions/PotionOfParalyticGas.java	8feccdee3066ebea5ac1acee6f08b9195805e2effd2a8bd361a4805a4ffe574b	unported	-
core/src/main/java/com/shatteredpixel/shatteredpixeldungeon/items/potions/PotionOfPurity.java	e12296bc816267c23d90755f632ab5c7f21f9e8b94fb75a3d1ae40882814587c	unported	-
core/src/main/java/com/shatteredpixel/shatteredpixeldungeon/items/potions/PotionOfStrength.java	779af956e3e5b8333b7c1d784f5837b023e03f9a8d7514721d6cf1a150a989dd	unported	-
core/src/main/java/com/shatteredpixel/shatteredpixeldungeon/items/potions/PotionOfToxicGas.java	6369406fbc0a1e1ddcb64d80e3a3db209d2e50cbf5dcb8a5ae20f5fc7db3b415	unported	-
core/src/main/java/com/shatteredpixel/shatteredpixeldungeon/items/potions/brews/AquaBrew.java	00f63ce9106f9fda5af7f7d87a4635a56cad0f3c643786308fddf909ffd6e03e	unported	-
core/src/main/java/com/shatteredpixel/shatteredpixeldungeon/items/potions/brews/BlizzardBrew.java	ea81750f839e90094d90ea392a51c4424a3af6243722a0cd36658da9ed42ac76	unported	-
core/src/main/java/com/shatteredpixel/shatteredpixeldungeon/items/potions/brews/Brew.java	bbcadd616403731f62a33f7d284a4b55129921cb53e5a96fd27232348227d741	unported	-
core/src/main/java/com/shatteredpixel/shatteredpixeldungeon/items/potions/brews/CausticBrew.java	10cba2f5bd44a4ac47b0bbcda0ea162c7bed9aa7e750615bcb22fe0707508d0c	unported	-
core/src/main/java/com/shatteredpixel/shatteredpixeldungeon/items/potions/brews/InfernalBrew.java	82806de66d7d2d9551d3c4687b0cef767720bb1217f2271473c7057fb399c6ca	unported	-
core/src/main/java/com/shatteredpixel/shatteredpixeldungeon/items/potions/brews/ShockingBrew.java	de03ee42d88f78f6bddd3dd003296ad8bd69e85bf49475717ab32617568390ba	unported	-
core/src/main/java/com/shatteredpixel/shatteredpixeldungeon/items/potions/brews/UnstableBrew.java	7d127a94f7881e0d92901e8310ce2ed5a2d4d1f017b2ff2b16abb0574463fa31	unported	-
core/src/main/java/com/shatteredpixel/shatteredpixeldungeon/items/potions/elixirs/Elixir.java	441036146bde7963561ba6f4026185ec42ff9acc118ed94d76a35ed60165457e	unported	-
core/src/main/java/com/shatteredpixel/shatteredpixeldungeon/items/potions/elixirs/ElixirOfAquaticRejuvenation.java	2222915284d1d9dde3d81b3a33a8cf33baed90fe39632fc0391b3e9dd6077233	unported	-
core/src/main/java/com/shatteredpixel/shatteredpixeldungeon/items/potions/elixirs/ElixirOfArcaneArmor.java	7e825b08ac5e4de9819c543b55003247252d1b7b44c07762d717e3ceaa7e4456	unported	-
core/src/main/java/com/shatteredpixel/shatteredpixeldungeon/items/potions/elixirs/ElixirOfDragonsBlood.java	3d511a9949ad7c17b4a8d752952d84ee1cf7e5d3d436b25c49695c22530d16b6	unported	-
core/src/main/java/com/shatteredpixel/shatteredpixeldungeon/items/potions/elixirs/ElixirOfFeatherFall.java	a8877228f7e70e1536b4d503522c7bb98b582ed859412c3df1e8d710ef97cc9e	unported	-
core/src/main/java/com/shatteredpixel/shatteredpixeldungeon/items/potions/elixirs/ElixirOfHoneyedHealing.java	e884edf00c4299c13575210d8a2763b8f6609a730a5edd07a97344e1d8ae7b42	unported	-
core/src/main/java/com/shatteredpixel/shatteredpixeldungeon/items/potions/elixirs/ElixirOfIcyTouch.java	eb2a6d4cc5920ceeebf95062b9c3de263f8b4d3bceeb4a60b35050c0e46b5b62	unported	-
core/src/main/java/com/shatteredpixel/shatteredpixeldungeon/items/potions/elixirs/ElixirOfMight.java	f1e9137ff0708b1b009bae43d03f7ff1555a90606506f3cca91d7ea42c71c6f4	unported	-
core/src/main/java/com/shatteredpixel/shatteredpixeldungeon/items/potions/elixirs/ElixirOfToxicEssence.java	c987ccdcb1ce70a4974f5c69864d0d8bfd90c4fce1768d8035c7cef527b6be88	unported	-
core/src/main/java/com/shatteredpixel/shatteredpixeldungeon/items/potions/exotic/ExoticPotion.java	977c6f9e32b3fa7920a47f3181757ef6f2bfc0a877ba80d56065ba5a2773affe	unported	-
core/src/main/java/com/shatteredpixel/shatteredpixeldungeon/items/potions/exotic/PotionOfCleansing.java	8e0ce0c76d2576a19b3be15dfdf0564c2a93af249d67e3af0c63e0fabfd63aa8	unported	-
core/src/main/java/com/shatteredpixel/shatteredpixeldungeon/items/potions/exotic/PotionOfCorrosiveGas.java	901c85757d190d002ef94fa8766a203afb2c27079001669679971a947f85b4d8	unported	-
core/src/main/java/com/shatteredpixel/shatteredpixeldungeon/items/potions/exotic/PotionOfDivineInspiration.java	32362fc1c098f7e2d3589f2fa9f6e7d8c07e2a7a022c5e286b5b900989b02f38	unported	-
core/src/main/java/com/shatteredpixel/shatteredpixeldungeon/items/potions/exotic/PotionOfDragonsBreath.java	590a4333b4364770e68f7340ebc2813ca33180d1c16049a100f99043e5eef857	unported	-
core/src/main/java/com/shatteredpixel/shatteredpixeldungeon/items/potions/exotic/PotionOfEarthenArmor.java	6887b8a899cdba19727ea5b36bea6738e31cb5a23575951109cb4f1a2dd6bea6	unported	-
core/src/main/java/com/shatteredpixel/shatteredpixeldungeon/items/potions/exotic/PotionOfMagicalSight.java	37505cabc79e2036d9fb752d0a6f2594f8bfc15a782bd6c92559d8868c34e11c	unported	-
core/src/main/java/com/shatteredpixel/shatteredpixeldungeon/items/potions/exotic/PotionOfMastery.java	be4e25cd6116affcdcbb5e461710587e3cc51d9617402dee08ae877a2bc790cc	unported	-
core/src/main/java/com/shatteredpixel/shatteredpixeldungeon/items/potions/exotic/PotionOfShielding.java	9c0a977744ed81431a85596431106cf6bab3b89fd6a2077ad66e74335d5f8c65	unported	-
core/src/main/java/com/shatteredpixel/shatteredpixeldungeon/items/potions/exotic/PotionOfShroudingFog.java	054ee5fe23627eebf22d8363732e418191c38b7e32b11ee074d543caad53f5dd	unported	-
core/src/main/java/com/shatteredpixel/shatteredpixeldungeon/items/potions/exotic/PotionOfSnapFreeze.java	4c92509c3cda7ccd042dde7c635ae7a5e7b5335da03fc4b2e2a79c1c44242ee5	unported	-
core/src/main/java/com/shatteredpixel/shatteredpixeldungeon/items/potions/exotic/PotionOfStamina.java	36156626aa8b78599f5328df6e795e436bb58f8c0566da92863783b501334175	unported	-
core/src/main/java/com/shatteredpixel/shatteredpixeldungeon/items/potions/exotic/PotionOfStormClouds.java	84b1459c60f2f7a252a4d70616bd6a44542653406105465a4aed41c2b1d023e2	unported	-
core/src/main/java/com/shatteredpixel/shatteredpixeldungeon/items/quest/CeremonialCandle.java	3dcad684605c0dabf9d7543e4fade870ae22dc9b708c1e4bb5048d6545800a7f	unported	-
core/src/main/java/com/shatteredpixel/shatteredpixeldungeon/items/quest/CorpseDust.java	4309d8478ed9459a06d3c47efd682eb66f4576c8bf396ce9af7a789332ffbd5c	unported	-
core/src/main/java/com/shatteredpixel/shatteredpixeldungeon/items/quest/DarkGold.java	24999c1a5443f9788b7bdb78fb1d6dd2754ed2e83ec5e9a4335a15d8bc35f73b	unported	-
core/src/main/java/com/shatteredpixel/shatteredpixeldungeon/items/quest/DwarfToken.java	bc9849b41e3131c8990ca6748ddcdafdac6e61ccef86cd15b944c7c8c187423f	unported	-
core/src/main/java/com/shatteredpixel/shatteredpixeldungeon/items/quest/Embers.java	c37665b439d2c1cdbb330cbb1d3dcf8783d681a3c663588be8126533c20609db	unported	-
core/src/main/java/com/shatteredpixel/shatteredpixeldungeon/items/quest/EscapeCrystal.java	91d128cd4a9a56f9f1b3437fe6e650f2a6b8dfed29c010338b65c43009c024d0	unported	-
core/src/main/java/com/shatteredpixel/shatteredpixeldungeon/items/quest/GooBlob.java	e62d62dd00af9a3d4e5963fbb17e494cfdb36d64af15cdfa7a213d16b235da49	unported	-
core/src/main/java/com/shatteredpixel/shatteredpixeldungeon/items/quest/ImpStatue.java	2b17a77690797d221952652a8d16699c68e19f0cf96e38330529cf72cc52e04e	unported	-
core/src/main/java/com/shatteredpixel/shatteredpixeldungeon/items/quest/MetalShard.java	ef1896ed9b0e2be475228e8a8059311ba37c7462975e3c517fdc3bdece5ca049	unported	-
core/src/main/java/com/shatteredpixel/shatteredpixeldungeon/items/quest/Pickaxe.java	d9ab07c54eee76ea9bb93cd4cf4fcc943518c898736457b540411db4634aadc2	unported	-
core/src/main/java/com/shatteredpixel/shatteredpixeldungeon/items/quest/VaultBeacon.java	d2e4592f200263611c126330f26b83a4add05cfc091af41c03aeb4031f66b958	unported	-
core/src/main/java/com/shatteredpixel/shatteredpixeldungeon/items/remains/BowFragment.java	85ced5ed58a076b00331b4b041ca9a59bf179ba1611f85598c491cc492172472	unported	-
core/src/main/java/com/shatteredpixel/shatteredpixeldungeon/items/remains/BrokenHilt.java	f615995983c7f8a8ce1153b849afb20aa1dd23d28198d7bcfcbf44d8fa744cea	unported	-
core/src/main/java/com/shatteredpixel/shatteredpixeldungeon/items/remains/BrokenStaff.java	950cf9e828facd69c43fb8ca3be4762c3c5433159c2a39b13018a90112a33623	unported	-
core/src/main/java/com/shatteredpixel/shatteredpixeldungeon/items/remains/CloakScrap.java	051d1775407996b4d7a0aa9b9a2c15fb657f4215db683b54ecf6d3dce31aea44	unported	-
core/src/main/java/com/shatteredpixel/shatteredpixeldungeon/items/remains/RemainsItem.java	d3094b631c6435042d718e1f4f000724029da9bf10f000f74d4fafb836261b7c	unported	-
core/src/main/java/com/shatteredpixel/shatteredpixeldungeon/items/remains/SealShard.java	d28aef66de766b3b2ed1291a1067ae413d7cda9e839aaf3429265e5c7cf471ba	unported	-
core/src/main/java/com/shatteredpixel/shatteredpixeldungeon/items/remains/TornPage.java	a2fa8dbaa72104ac09d4ef999bcc5e8e7eaffeaa5830ceab9f3209d16063d0de	unported	-
core/src/main/java/com/shatteredpixel/shatteredpixeldungeon/items/rings/Ring.java	8d1cec88aaf1c57c69a687fa675702771c2363039155e36a2a88f0fab01bafc3	unported	-
core/src/main/java/com/shatteredpixel/shatteredpixeldungeon/items/rings/RingOfAccuracy.java	b7b9dad493a6c0305b14941f799d902bf46e6e799c9799085e35db67bdbb530d	unported	-
core/src/main/java/com/shatteredpixel/shatteredpixeldungeon/items/rings/RingOfArcana.java	4a594ae301bbcd212fb8c7ef6c0735f6700523151f74733f643b5850289a7f02	unported	-
core/src/main/java/com/shatteredpixel/shatteredpixeldungeon/items/rings/RingOfElements.java	616f181f676b925edc46cb58b0db0b47f7be3e3629e8a0fb2a9385bb9726a64c	unported	-
core/src/main/java/com/shatteredpixel/shatteredpixeldungeon/items/rings/RingOfEnergy.java	8358312d50288157ed02891fa92096e28f95752fd700b840f5e71673fcc87237	unported	-
core/src/main/java/com/shatteredpixel/shatteredpixeldungeon/items/rings/RingOfEvasion.java	df44ac75c3a99de9bd40186ac8aa4dc9f8668eff7b0cd954d31d9ae117489bab	unported	-
core/src/main/java/com/shatteredpixel/shatteredpixeldungeon/items/rings/RingOfForce.java	91822ad1322b25a259dc3f3903c4b7b54eff2b0f0e23dff9a458a080af63cf7d	unported	-
core/src/main/java/com/shatteredpixel/shatteredpixeldungeon/items/rings/RingOfFuror.java	efb2ddc31382d5f858dcf5abcc39e570cc895704f635153c3e16cc2c03361a6c	unported	-
core/src/main/java/com/shatteredpixel/shatteredpixeldungeon/items/rings/RingOfHaste.java	1d5c913aed7d55a55566bc004ccf26cced06afd25c4a12d5cd475a1436e14309	unported	-
core/src/main/java/com/shatteredpixel/shatteredpixeldungeon/items/rings/RingOfMight.java	b57c1a65920dad3291a0b9144962e924c106dec0362328d0674a6328d1c667cc	unported	-
core/src/main/java/com/shatteredpixel/shatteredpixeldungeon/items/rings/RingOfSharpshooting.java	79187c39a2a7c5074f96737e9134667f31497e06b9c114da4ef358e75364c660	unported	-
core/src/main/java/com/shatteredpixel/shatteredpixeldungeon/items/rings/RingOfTenacity.java	c4df5aae59561794539d9c9dd18889d35229db0715c90d653cf6d627b2e3549c	unported	-
core/src/main/java/com/shatteredpixel/shatteredpixeldungeon/items/rings/RingOfWealth.java	0609b135880270c5a1842d160a8595a537f61c4bf2b7be1c513ce42c7219eb8b	unported	-
core/src/main/java/com/shatteredpixel/shatteredpixeldungeon/items/scrolls/InventoryScroll.java	b3092d2337d555a0efd973414d966090480bc3f81be8cfb5ac4e326c96331442	unported	-
core/src/main/java/com/shatteredpixel/shatteredpixeldungeon/items/scrolls/Scroll.java	e5b96bb38a0ccd1067a057656dfb7025cf0117c3f42df2731c1327dec8ca7956	unported	-
core/src/main/java/com/shatteredpixel/shatteredpixeldungeon/items/scrolls/ScrollOfIdentify.java	f535ad61fa6c9d8d4249679344c1ac34866b27f11f22996dcc272b93b44364b3	unported	-
core/src/main/java/com/shatteredpixel/shatteredpixeldungeon/items/scrolls/ScrollOfLullaby.java	2329a2ebd4b260af5dc86642c8692481b084632596ad754cf4b3e52e15af60cb	unported	-
core/src/main/java/com/shatteredpixel/shatteredpixeldungeon/items/scrolls/ScrollOfMagicMapping.java	6342ba7c8861d78863d2be33d13bbfd05c1b63647874953ea548f62c8ab7c97e	unported	-
core/src/main/java/com/shatteredpixel/shatteredpixeldungeon/items/scrolls/ScrollOfMirrorImage.java	4b41bffe2d11b168588d0cc912d4aafa1e03b7f69b812f69a4618e3828b03866	unported	-
core/src/main/java/com/shatteredpixel/shatteredpixeldungeon/items/scrolls/ScrollOfRage.java	7c7c73b658fd8fd182023967643f5b48761d8d5d8b98fb55b6bb72d55dded390	unported	-
core/src/main/java/com/shatteredpixel/shatteredpixeldungeon/items/scrolls/ScrollOfRecharging.java	7352d19397647de112dfb7af49c8c1dcf41ee7c29834996abd4138493b568e3d	unported	-
core/src/main/java/com/shatteredpixel/shatteredpixeldungeon/items/scrolls/ScrollOfRemoveCurse.java	b9b5e7c32698700cbd85812c502a7b49059b95054b144fc8aa60be4b6b2f908d	unported	-
core/src/main/java/com/shatteredpixel/shatteredpixeldungeon/items/scrolls/ScrollOfRetribution.java	4736c674cf2a566d8a8addd1772f3aa11269b222b66bbbdf4177fc651ea184d7	unported	-
core/src/main/java/com/shatteredpixel/shatteredpixeldungeon/items/scrolls/ScrollOfTeleportation.java	6546595398b4cd142fe4448bf98d98f04e0e0cc7624cc7acf873a8a4ee0ebd48	unported	-
core/src/main/java/com/shatteredpixel/shatteredpixeldungeon/items/scrolls/ScrollOfTerror.java	023b6c98e39db6ed162dfbed67a339035b27bc5f4758e9b2be6d3480433eb6e1	unported	-
core/src/main/java/com/shatteredpixel/shatteredpixeldungeon/items/scrolls/ScrollOfTransmutation.java	9d708bd3ec0030a455c1409428b65206a5ed02e79df9b88be6e43709468598e2	unported	-
core/src/main/java/com/shatteredpixel/shatteredpixeldungeon/items/scrolls/ScrollOfUpgrade.java	1ed7b3c5dd5c1e7a8258ba6185d993d277cb71952e4968886ca23770603c4d5c	unported	-
core/src/main/java/com/shatteredpixel/shatteredpixeldungeon/items/scrolls/exotic/ExoticScroll.java	bca5f405f7166dd353051bc44638a04648432872f5988faf0732cdc70905f42c	unported	-
core/src/main/java/com/shatteredpixel/shatteredpixeldungeon/items/scrolls/exotic/ScrollOfAntiMagic.java	eddb133ee30fcd7ac269acf69a8b91f649d0594ca47e56485b6c61cfae8b785d	unported	-
core/src/main/java/com/shatteredpixel/shatteredpixeldungeon/items/scrolls/exotic/ScrollOfChallenge.java	edd801014b2cb02247a713f0fed939e3cc1538d179b04970f68f4aba1efc7f7a	unported	-
core/src/main/java/com/shatteredpixel/shatteredpixeldungeon/items/scrolls/exotic/ScrollOfDivination.java	7b23e1c29b34807d3d3353f689e9160fc2f3edbe7a607c02f2f5fd3d1a81c577	unported	-
core/src/main/java/com/shatteredpixel/shatteredpixeldungeon/items/scrolls/exotic/ScrollOfDread.java	af27f2168240953dfd7098bd171ecce4c507e574b626bf89ec439d6addc8ca28	unported	-
core/src/main/java/com/shatteredpixel/shatteredpixeldungeon/items/scrolls/exotic/ScrollOfEnchantment.java	f07d9638425925ce9f5265fc91c0dd4f2d626b25de96d4f0ce8847ea46c08be8	unported	-
core/src/main/java/com/shatteredpixel/shatteredpixeldungeon/items/scrolls/exotic/ScrollOfForesight.java	9b8a749c438805714f1d75c4a378a9adb90ed1b10e4f3994359ef5e2f190891a	unported	-
core/src/main/java/com/shatteredpixel/shatteredpixeldungeon/items/scrolls/exotic/ScrollOfMetamorphosis.java	53319c8a38387cfc65f22c673e13adeb4f9c0858f78abbfbaca8b4ec8298d3c4	unported	-
core/src/main/java/com/shatteredpixel/shatteredpixeldungeon/items/scrolls/exotic/ScrollOfMysticalEnergy.java	b7a7740d79427a9f28a5f58204bb63e9805ca4739a6dfd1521843d7626126759	unported	-
core/src/main/java/com/shatteredpixel/shatteredpixeldungeon/items/scrolls/exotic/ScrollOfPassage.java	527f45275419ac5ca1858aaa3473970d3dc64f354d2be13ce007502a38da6083	unported	-
core/src/main/java/com/shatteredpixel/shatteredpixeldungeon/items/scrolls/exotic/ScrollOfPrismaticImage.java	dda9e45999eed86005bc24f69e8b69d8b8ef880977b0ab73b114540088671107	unported	-
core/src/main/java/com/shatteredpixel/shatteredpixeldungeon/items/scrolls/exotic/ScrollOfPsionicBlast.java	42676baf17289a618057c9956ada67c53ceb55a46f20f7f48e45714e3a593ace	unported	-
core/src/main/java/com/shatteredpixel/shatteredpixeldungeon/items/scrolls/exotic/ScrollOfSirensSong.java	2c6a105c8384832fb426efda5f60a504f9be997361ebf49d56ff46875520974b	unported	-
core/src/main/java/com/shatteredpixel/shatteredpixeldungeon/items/spells/Alchemize.java	902afe557dbc4cf7d163e3a21047c54d8ab40363a23021ac04aac73263578611	unported	-
core/src/main/java/com/shatteredpixel/shatteredpixeldungeon/items/spells/BeaconOfReturning.java	b8b1eae06fe10d742e13e5e8671765f0f83bf646d5a250b66649f47003f32266	unported	-
core/src/main/java/com/shatteredpixel/shatteredpixeldungeon/items/spells/CurseInfusion.java	396aad97af6e12d605177b69c85a872fc7dd47fa45f1604148fa243e7bb12739	unported	-
core/src/main/java/com/shatteredpixel/shatteredpixeldungeon/items/spells/InventorySpell.java	a0ee6eebfcd7c558bce8bb36c1f217a1ade6dd7292553bdd60fbc82280ab3f50	unported	-
core/src/main/java/com/shatteredpixel/shatteredpixeldungeon/items/spells/MagicalInfusion.java	fe4ea44a5d8345503c9f73676bda0e1673e17c76187640b7ee9e6d813f394736	unported	-
core/src/main/java/com/shatteredpixel/shatteredpixeldungeon/items/spells/PhaseShift.java	c75b4a968cfc293c6a238f62a66d4025ecc26ef56df7cd19ad215e76e6987526	unported	-
core/src/main/java/com/shatteredpixel/shatteredpixeldungeon/items/spells/ReclaimTrap.java	ccb28971085e1b74f7802a1e5f83a3c6a4b25e816840e06a81846480b01ec50f	unported	-
core/src/main/java/com/shatteredpixel/shatteredpixeldungeon/items/spells/Recycle.java	2d06aaac1f78ad3587e13fb3f597bc26e1c26678c2dce19b074e61b351b83bad	unported	-
core/src/main/java/com/shatteredpixel/shatteredpixeldungeon/items/spells/Spell.java	0da613c35d95b3ed813cc9dd941c262960abd86cb01c25ec2db4ddf7d4d90ab8	unported	-
core/src/main/java/com/shatteredpixel/shatteredpixeldungeon/items/spells/SummonElemental.java	531f946a195851a367b691222fad6a964f5c3708a41e62a133de02d1927a1736	unported	-
core/src/main/java/com/shatteredpixel/shatteredpixeldungeon/items/spells/TargetedSpell.java	5dd21dd59d279bb5c0ce8e2c5d69a6dfba47e4959cd8a605170d35457a5b377e	unported	-
core/src/main/java/com/shatteredpixel/shatteredpixeldungeon/items/spells/TelekineticGrab.java	25b3d32f9a38ff4589495f2ef67ae556b3ed6ac9234ec52f4abfc81b673f30e1	unported	-
core/src/main/java/com/shatteredpixel/shatteredpixeldungeon/items/spells/UnstableSpell.java	b48f1a2f697e7daf47e6a11a0b7429406ca53891a89afcca61067b683f6fc39f	unported	-
core/src/main/java/com/shatteredpixel/shatteredpixeldungeon/items/spells/WildEnergy.java	00d554cc2be3e47b7a6c7f0d4515813012013695101702853fa569540caecbee	unported	-
core/src/main/java/com/shatteredpixel/shatteredpixeldungeon/items/stones/InventoryStone.java	f5a55302efca97beeaf6a75dd40ee46b3dafd4035cbaefe3ca71c87d0f37fab0	unported	-
core/src/main/java/com/shatteredpixel/shatteredpixeldungeon/items/stones/Runestone.java	6e58582a25e2eaab4720376b48bc695bb5b7a79b4e30d6e8f179d7cc6b1cd061	unported	-
core/src/main/java/com/shatteredpixel/shatteredpixeldungeon/items/stones/StoneOfAggression.java	c1543b9f80acaae0ede1af337394ad0935846eec7c140e4acc6ca244b3534fab	unported	-
core/src/main/java/com/shatteredpixel/shatteredpixeldungeon/items/stones/StoneOfAugmentation.java	51572a737b36ebc968874c7c9a77065466a680c9a71192287906c9be2035aed4	unported	-
core/src/main/java/com/shatteredpixel/shatteredpixeldungeon/items/stones/StoneOfBlast.java	1e87792ca539c55a1c671e1ffe5d421139658a405d96a2b1bc3c79af8e41c4ac	unported	-
core/src/main/java/com/shatteredpixel/shatteredpixeldungeon/items/stones/StoneOfBlink.java	dd8ff573f72a699dbc114628ecea7084b784030b158df73dfc8589f0e8ed88da	unported	-
core/src/main/java/com/shatteredpixel/shatteredpixeldungeon/items/stones/StoneOfClairvoyance.java	86ca3c4574b258d07b9994f6ea3925410c0a60b4e35ca915f4c718efa2b3bd86	unported	-
core/src/main/java/com/shatteredpixel/shatteredpixeldungeon/items/stones/StoneOfDeepSleep.java	cd43f7a6d86d4031ba049dcbacbd875fc79aa3c4434fbc4648247acacf07c1a5	unported	-
core/src/main/java/com/shatteredpixel/shatteredpixeldungeon/items/stones/StoneOfDetectMagic.java	e57b059256ba30bc7d53cd9c4e9a14863d77c8e5a5005024fa4ea042a738c90a	unported	-
core/src/main/java/com/shatteredpixel/shatteredpixeldungeon/items/stones/StoneOfEnchantment.java	e3184251d1b1288c9163b7474389393afa9040ac3129bd425435cc0421da2d9e	unported	-
core/src/main/java/com/shatteredpixel/shatteredpixeldungeon/items/stones/StoneOfFear.java	82e3e8a0e6fba3982822c3e87dad0b4b09b5ce1ec50f45bf633c02b6962f15b5	unported	-
core/src/main/java/com/shatteredpixel/shatteredpixeldungeon/items/stones/StoneOfFlock.java	8ae0cf19e3dc02428dc9a75653d67724d62856a29355cc34ab7583bce1c4ee26	unported	-
core/src/main/java/com/shatteredpixel/shatteredpixeldungeon/items/stones/StoneOfIntuition.java	2dfff45760af1951221048ea1598e206bd0e6b8ab1376e9c4e8604e1c11494fb	unported	-
core/src/main/java/com/shatteredpixel/shatteredpixeldungeon/items/stones/StoneOfShock.java	f7a29f7254b56d14e0494fa3738ee68d35262f72b4639bf1aa0156a414e26818	unported	-
core/src/main/java/com/shatteredpixel/shatteredpixeldungeon/items/trinkets/ChaoticCenser.java	f34195244cdcf57e956fab69213a9ab0a8318851b742ed42deaa3d7ec1746b3b	unported	-
core/src/main/java/com/shatteredpixel/shatteredpixeldungeon/items/trinkets/CrackedSpyglass.java	21e0e2ac8474bd1550530c4050dc0801d18787f7db44fe903f3e08726d07ddda	unported	-
core/src/main/java/com/shatteredpixel/shatteredpixeldungeon/items/trinkets/DimensionalSundial.java	9ea4a8feffe9f0a0d6384677ffdf203b2cc3084f784f18021d456b884d2057e8	unported	-
core/src/main/java/com/shatteredpixel/shatteredpixeldungeon/items/trinkets/ExoticCrystals.java	f41ac0acaaa1c1571e605984d51cd40849e3856374215d7dc963d2e8a111fc4c	unported	-
core/src/main/java/com/shatteredpixel/shatteredpixeldungeon/items/trinkets/EyeOfNewt.java	2ad59789dd4b47491923ffb8a34d8c7f116189bb825fe9d513db7da73b03d658	unported	-
core/src/main/java/com/shatteredpixel/shatteredpixeldungeon/items/trinkets/FerretTuft.java	b4c9f198fc87e0e44e2be39509153b0a9b1f6748a11ade89207366995912730e	unported	-
core/src/main/java/com/shatteredpixel/shatteredpixeldungeon/items/trinkets/MimicTooth.java	efa2f068fd3f35c8a6020c0d7e04adb614f40f88b48b0e760c70b503240d1d77	unported	-
core/src/main/java/com/shatteredpixel/shatteredpixeldungeon/items/trinkets/MossyClump.java	7ac06ee5966785f6c2a44ece7288e6985ddcd7c98aa7a6d3d567a755fde6a526	unported	-
core/src/main/java/com/shatteredpixel/shatteredpixeldungeon/items/trinkets/ParchmentScrap.java	a5f6da99c01bbd716cbe53d7e9a683cc1f2f358251ddbde17a194f46f170f341	unported	-
core/src/main/java/com/shatteredpixel/shatteredpixeldungeon/items/trinkets/PetrifiedSeed.java	7021a36c9ba29d5cd78965edda39df72acfc0788203761a72096cd926c4e4ab5	unported	-
core/src/main/java/com/shatteredpixel/shatteredpixeldungeon/items/trinkets/RatSkull.java	a09fe478c82c6313dbb3ea7194f946459aaa9bfc60b8347dfd2fb3464acb9650	unported	-
core/src/main/java/com/shatteredpixel/shatteredpixeldungeon/items/trinkets/SaltCube.java	eba513601ba90c7a07b7e988b0001e420865c30efedd2843dbf51d380330c7e0	unported	-
core/src/main/java/com/shatteredpixel/shatteredpixeldungeon/items/trinkets/ShardOfOblivion.java	5015df85b293c4d546deb20743414228b8c5484a559499373da450c40b013f99	unported	-
core/src/main/java/com/shatteredpixel/shatteredpixeldungeon/items/trinkets/ThirteenLeafClover.java	8ac436c41b0a6b879ebb76945fa18444090cbf636c1501a895a961680e509d29	unported	-
core/src/main/java/com/shatteredpixel/shatteredpixeldungeon/items/trinkets/TrapMechanism.java	da87fd1fe039e26ce868d7f8f650bce80b8698b3c57afa3a34c8da169314a7d3	unported	-
core/src/main/java/com/shatteredpixel/shatteredpixeldungeon/items/trinkets/Trinket.java	188c4c786b97ddcdbfb91b51489049132c5b37378ecb4dd9fe1ac233b9c485de	unported	-
core/src/main/java/com/shatteredpixel/shatteredpixeldungeon/items/trinkets/TrinketCatalyst.java	babe59b91eb0c9a791e2a1b9f77a1d68767f2c55d653ea31f77610165b7d7354	unported	-
core/src/main/java/com/shatteredpixel/shatteredpixeldungeon/items/trinkets/VialOfBlood.java	3305937e3ea29004c1e84d6b7d2939d83a55509bc3ac204b6189eb823acff4cc	unported	-
core/src/main/java/com/shatteredpixel/shatteredpixeldungeon/items/trinkets/WondrousResin.java	49917260bb28d4b157edac646b8ab9724fb1a77e5cb55846a297ab065e1f0bac	unported	-
core/src/main/java/com/shatteredpixel/shatteredpixeldungeon/items/wands/CursedWand.java	839b05fc19f08f4272e9b84df25c562d4544a8140f6c875edc42de25e7c4b396	unported	-
core/src/main/java/com/shatteredpixel/shatteredpixeldungeon/items/wands/DamageWand.java	ffbf64344048cec00242e423b77f933ca7b2cc786de11c7c502337c0d5bfc31d	unported	-
core/src/main/java/com/shatteredpixel/shatteredpixeldungeon/items/wands/Wand.java	a45841efaa22f836e91f07ed5f1558e3f601c7f4013664ed34e23a4975a05490	unported	-
core/src/main/java/com/shatteredpixel/shatteredpixeldungeon/items/wands/WandOfBlastWave.java	c347e54e0b46b536a2bf293cba52f2bf08fb5ab6824564f27ffed660e85ea4f3	unported	-
core/src/main/java/com/shatteredpixel/shatteredpixeldungeon/items/wands/WandOfCorrosion.java	a0bc494ebb62eb2389d078c6fe63ad49ef6a83b91f95e26c7888d3961134539b	unported	-
core/src/main/java/com/shatteredpixel/shatteredpixeldungeon/items/wands/WandOfCorruption.java	a0caefe3cf3ac88599a8332a84dae9d2faebf1a12edaaa58b5e0d5003d13660f	unported	-
core/src/main/java/com/shatteredpixel/shatteredpixeldungeon/items/wands/WandOfDisintegration.java	193d49ad5c3a5a827a0c74de3413a50f2576711361208f0901fda676814d2c15	unported	-
core/src/main/java/com/shatteredpixel/shatteredpixeldungeon/items/wands/WandOfFireblast.java	ea6326515341c8f171f108014aac16019cba791c4feb96cd6b1ef98a47e7576c	unported	-
core/src/main/java/com/shatteredpixel/shatteredpixeldungeon/items/wands/WandOfFrost.java	efa81e4db3b8dba3b3d5f26b842dbde87bfd3dc86a10ae7a491d3262f5bc0870	unported	-
core/src/main/java/com/shatteredpixel/shatteredpixeldungeon/items/wands/WandOfLightning.java	ba454f18cc5a128c4f968419ab346b3ccd14e60d13ebed9ccd6f2ce6cf54e5ab	unported	-
core/src/main/java/com/shatteredpixel/shatteredpixeldungeon/items/wands/WandOfLivingEarth.java	d7408a8c22c767e96f98133721529ec6d203360527c27d328f69be80ccf715f1	unported	-
core/src/main/java/com/shatteredpixel/shatteredpixeldungeon/items/wands/WandOfMagicMissile.java	0fe4bd0fd62002dc94d976760c278db5a4856d6499dc891950b37a8695150dfd	unported	-
core/src/main/java/com/shatteredpixel/shatteredpixeldungeon/items/wands/WandOfPrismaticLight.java	4e931efb1c7ebcb20a07a79933f63e0ebe0ce38d3cd3e8a5fcf48865ad65ec84	unported	-
core/src/main/java/com/shatteredpixel/shatteredpixeldungeon/items/wands/WandOfRegrowth.java	01e4ffdeb603d37652409390ec7c242b043fb46b4933291835fc124731aaf7e6	unported	-
core/src/main/java/com/shatteredpixel/shatteredpixeldungeon/items/wands/WandOfTransfusion.java	d2fc960c6440e03eddaefca9b549ca555a62801754e52fc3939d94157a83c555	unported	-
core/src/main/java/com/shatteredpixel/shatteredpixeldungeon/items/wands/WandOfWarding.java	8176350e68675687cfdee290be0e71641fc88eceaff3e1d444e16c169315bd14	unported	-
core/src/main/java/com/shatteredpixel/shatteredpixeldungeon/items/weapon/SpiritBow.java	5f2a8ca845b00ebde9212d9e4908a2db1e2744b11d5ba91342c46126d1d1c390	unported	-
core/src/main/java/com/shatteredpixel/shatteredpixeldungeon/items/weapon/Weapon.java	24d34977e9cee42c0f65508e221f7909c9dcaedd4df9390bd0c6e9c1b4099b27	unported	-
core/src/main/java/com/shatteredpixel/shatteredpixeldungeon/items/weapon/curses/Annoying.java	bd75f253dc3b13ca110221d004d2c47100c7a995377a590ecfaf2051cfac3bbd	unported	-
core/src/main/java/com/shatteredpixel/shatteredpixeldungeon/items/weapon/curses/Dazzling.java	82801009f866f2ea82a044c4abcacaca6701454335eb5ff3048c169ecec954bc	unported	-
core/src/main/java/com/shatteredpixel/shatteredpixeldungeon/items/weapon/curses/Displacing.java	17e4f20c4cc6000a7aff0ccddcfb29d783c9bfad3db0a6b623a18643c3bd4dd1	unported	-
core/src/main/java/com/shatteredpixel/shatteredpixeldungeon/items/weapon/curses/Explosive.java	2c395033152a9d86768e654eab6107de898fa8335eee2baacb4b23b9ea5e2058	unported	-
core/src/main/java/com/shatteredpixel/shatteredpixeldungeon/items/weapon/curses/Friendly.java	d8576d61ab6e61c50e30c97a771aa49e65a299b505ffe8f527e723b53f88a6eb	unported	-
core/src/main/java/com/shatteredpixel/shatteredpixeldungeon/items/weapon/curses/Polarized.java	32bba91b2fd04d4fe86f91b5501eda24954ba21122d0a3f20c57b7f967d9d093	unported	-
core/src/main/java/com/shatteredpixel/shatteredpixeldungeon/items/weapon/curses/Pressurized.java	eeb565ed340ab045182925d30cce3df04944fa615d672c03dc85d4e59e055b42	unported	-
core/src/main/java/com/shatteredpixel/shatteredpixeldungeon/items/weapon/curses/Sacrificial.java	99f7ece73e192001fbf974dbca04cb2999de54ae3bc8c6034b77d5a0cb0c2694	unported	-
core/src/main/java/com/shatteredpixel/shatteredpixeldungeon/items/weapon/curses/Wayward.java	46d907057a427ae874035387df626189c288ef693fd1f3079167cca6692e98ab	unported	-
core/src/main/java/com/shatteredpixel/shatteredpixeldungeon/items/weapon/curses/Wondrous.java	11526fde7ef332d7e3e470c3bc2ee2eb390c54994c51e2efdec6a965edc86fb0	unported	-
core/src/main/java/com/shatteredpixel/shatteredpixeldungeon/items/weapon/enchantments/Blazing.java	34418480dbd016c8745189ec1ad539453be3e665b1d5c87a8e61b5d4d6a08075	unported	-
core/src/main/java/com/shatteredpixel/shatteredpixeldungeon/items/weapon/enchantments/Blocking.java	4d3835cd9fcf1a80ca0d12b002ee1c0c850729f24f15f2d113b3f7a64ccbba8a	unported	-
core/src/main/java/com/shatteredpixel/shatteredpixeldungeon/items/weapon/enchantments/Blooming.java	769a96c36fad2578bcf3bfddb8846663e3713d03ab2d19b0ff1f617d9a1fa7ef	unported	-
core/src/main/java/com/shatteredpixel/shatteredpixeldungeon/items/weapon/enchantments/Chilling.java	53609ba0a4e6a2645c404dfae3ef3e6eb50881cc00b500d653606c84e2182ed0	unported	-
core/src/main/java/com/shatteredpixel/shatteredpixeldungeon/items/weapon/enchantments/Corrupting.java	4b641096b0a621e891bae8ed3944f10de3825129c6f0d684944577d9858f1473	unported	-
core/src/main/java/com/shatteredpixel/shatteredpixeldungeon/items/weapon/enchantments/Crystal.java	ba0b5bb4a985fc86d1543c8de2cf36373b6a2f7d0ba30d3fd3070f091246beb1	unported	-
core/src/main/java/com/shatteredpixel/shatteredpixeldungeon/items/weapon/enchantments/Elastic.java	f44c7957df48ec699d621f4a3fa9786205eb5ae03c494c29a24366385075220b	unported	-
core/src/main/java/com/shatteredpixel/shatteredpixeldungeon/items/weapon/enchantments/Eldritch.java	45ccee2b5945a53ad70570bc6ecf43a982b1441506aa5587cd243f8c78908e2d	unported	-
core/src/main/java/com/shatteredpixel/shatteredpixeldungeon/items/weapon/enchantments/Grim.java	b5d6b67fdc601f1ea872f3e578baaaedb3adc8145b07cf9c2d99b5a09a5a387f	unported	-
core/src/main/java/com/shatteredpixel/shatteredpixeldungeon/items/weapon/enchantments/Kinetic.java	96703a018cab0d40f0987a24e94554d9d280993362c3812e5d30e9af82a2a04f	unported	-
core/src/main/java/com/shatteredpixel/shatteredpixeldungeon/items/weapon/enchantments/Lucky.java	fa6d37bc1e2edc970cfb26ddfc79d934fb816a32d28a0163aa92b6586e7bd906	unported	-
core/src/main/java/com/shatteredpixel/shatteredpixeldungeon/items/weapon/enchantments/Projecting.java	ad5cc76372e29154c82e1d1199e45e63cc6af5f425be4e2e5e356e6e369e4de6	unported	-
core/src/main/java/com/shatteredpixel/shatteredpixeldungeon/items/weapon/enchantments/Shocking.java	f120eccd4f3c12bb33ba280a6087a0f0e9d54816a570a9666eb11ff4ce3adec8	unported	-
core/src/main/java/com/shatteredpixel/shatteredpixeldungeon/items/weapon/enchantments/Unstable.java	8141c891526d4aace75fb8b00afb016161fbe2b6da2934240ff681a4f045cb14	unported	-
core/src/main/java/com/shatteredpixel/shatteredpixeldungeon/items/weapon/enchantments/Vampiric.java	a140117a5c27bfbad470bdd2ec48a779245948ff93a2e11c8a95124fdef14b2a	unported	-
core/src/main/java/com/shatteredpixel/shatteredpixeldungeon/items/weapon/enchantments/Venomous.java	bd380a3ca6d96ea918750de1d51e6a2969958665612451f93648c0ab08ccb348	unported	-
core/src/main/java/com/shatteredpixel/shatteredpixeldungeon/items/weapon/enchantments/Vorpal.java	888b19ec3c41c63618e605cddc910d36d973da0a0438eb2f6846e0d64cbe4ac1	unported	-
core/src/main/java/com/shatteredpixel/shatteredpixeldungeon/items/weapon/melee/AssassinsBlade.java	22ffaff4b0d98251fdd8ba49fdd0e925e6b687fef01343cb1e7a591ea56639bc	unported	-
core/src/main/java/com/shatteredpixel/shatteredpixeldungeon/items/weapon/melee/BattleAxe.java	6c887ead83893391d419d4f866ca4def27266da8284d91fef5d8995bc9f487e5	unported	-
core/src/main/java/com/shatteredpixel/shatteredpixeldungeon/items/weapon/melee/Crossbow.java	da6a84afe8e48b056000590a090badd151f158bbd89ac9f24c1b7c7b8cd11d49	unported	-
core/src/main/java/com/shatteredpixel/shatteredpixeldungeon/items/weapon/melee/Cudgel.java	24ff9ff9481fdc959009eb6ba9cd82757f0969f150bf89132c2465eca0664905	unported	-
core/src/main/java/com/shatteredpixel/shatteredpixeldungeon/items/weapon/melee/Dagger.java	bae342c90b940c591ad6e313f44ded3d071408a4e1b7ae6c885265b6271dcba2	unported	-
core/src/main/java/com/shatteredpixel/shatteredpixeldungeon/items/weapon/melee/Dirk.java	7322a1c39911de09c8f8d87e8be48f7da628bc98ec576728e68610cbbd11e514	unported	-
core/src/main/java/com/shatteredpixel/shatteredpixeldungeon/items/weapon/melee/Flail.java	751b49bdc236e05fac2605bf768e57b5e5d3e289fbdef11a98d828be4dea1203	unported	-
core/src/main/java/com/shatteredpixel/shatteredpixeldungeon/items/weapon/melee/Gauntlet.java	a5ff922bc2ab6bf87b0e970a2384528c03f67feebce823e3989d750dffb72d86	unported	-
core/src/main/java/com/shatteredpixel/shatteredpixeldungeon/items/weapon/melee/Glaive.java	ae9d40c3a5b6852348186ab73f733a79ac63b79a47978f23ec45592cb94baf1b	unported	-
core/src/main/java/com/shatteredpixel/shatteredpixeldungeon/items/weapon/melee/Gloves.java	6ee8b9f5aeadc9974da74a2bad76113fb6b6b6fe96fdc605771e01a176d28e03	unported	-
core/src/main/java/com/shatteredpixel/shatteredpixeldungeon/items/weapon/melee/Greataxe.java	ea6e05cfc8d2bbbb96c76739b14ca94f871f5c3deb36332e5d4047ff226f392e	unported	-
core/src/main/java/com/shatteredpixel/shatteredpixeldungeon/items/weapon/melee/Greatshield.java	7b3327c901a6927f9e96059fab2b35bc2fef43077800771f2e9401ee938163c8	unported	-
core/src/main/java/com/shatteredpixel/shatteredpixeldungeon/items/weapon/melee/Greatsword.java	81bfb03402ae57ae2c551fcb6f60f54cfde5373c9034ae1180269ed7ed3a7b19	unported	-
core/src/main/java/com/shatteredpixel/shatteredpixeldungeon/items/weapon/melee/HandAxe.java	f323257fe5e71a8271b1e520c88a3c6b4f0a57c685014b96fe653b999cab6d0c	unported	-
core/src/main/java/com/shatteredpixel/shatteredpixeldungeon/items/weapon/melee/Katana.java	f9df6fb746029cb80a36cf93019ec6cf8c906af4c6280ab2acda63178e575649	unported	-
core/src/main/java/com/shatteredpixel/shatteredpixeldungeon/items/weapon/melee/Longsword.java	44b2142f2dbf27afd49d7e85db6b8db319fec72f05d5e9b868dcf9d9bf43c782	unported	-
core/src/main/java/com/shatteredpixel/shatteredpixeldungeon/items/weapon/melee/Mace.java	a0fc1c2d37a50e874fceb54b0c72cd7ec9397f13e3ec8eb6c61aeded5e13d5cf	unported	-
core/src/main/java/com/shatteredpixel/shatteredpixeldungeon/items/weapon/melee/MagesStaff.java	c535ecb3ccbd3b8933e519e4e6a2fe4d2d370b7962b826357a44cbd991cb6672	unported	-
core/src/main/java/com/shatteredpixel/shatteredpixeldungeon/items/weapon/melee/MeleeWeapon.java	5718fc3aef2d308139d639c22b5c6d1b6326aadc7eff61a9d062ed73f5d576f5	unported	-
core/src/main/java/com/shatteredpixel/shatteredpixeldungeon/items/weapon/melee/Quarterstaff.java	93a64a718a31160642a1c47387a9807b6cc1f2fc082e99ef23b18ce26f6f2410	unported	-
core/src/main/java/com/shatteredpixel/shatteredpixeldungeon/items/weapon/melee/Rapier.java	c30623ef07c000779abdf3b4257eec858600e99b28e452d176a3eeb1f8051f24	unported	-
core/src/main/java/com/shatteredpixel/shatteredpixeldungeon/items/weapon/melee/RoundShield.java	64d4f46846b4245735429ce2e6752f51be18d0994a17b18eb41d7843257961a2	unported	-
core/src/main/java/com/shatteredpixel/shatteredpixeldungeon/items/weapon/melee/RunicBlade.java	54c054f2abdf892b6b301047bf17e5e2d9889ebd497959bf890f5b65802b6b0f	unported	-
core/src/main/java/com/shatteredpixel/shatteredpixeldungeon/items/weapon/melee/Sai.java	78e1310d11ef01353105defe8d0507b0ec3ed1acd03176e4e98d42700dcbc9ac	unported	-
core/src/main/java/com/shatteredpixel/shatteredpixeldungeon/items/weapon/melee/Scimitar.java	aa3e221e4cb424455d2854c2eb58ad1b348e591d89d1d06333efda373ab79003	unported	-
core/src/main/java/com/shatteredpixel/shatteredpixeldungeon/items/weapon/melee/Shortsword.java	d29a865dead16b2cb005aa94fd87595926fad2cd6ff960bea2ad065cbded1e80	unported	-
core/src/main/java/com/shatteredpixel/shatteredpixeldungeon/items/weapon/melee/Sickle.java	33c4b595be516c46ee6916e1e25806931337936880da176dff6c465bc8c060bb	unported	-
core/src/main/java/com/shatteredpixel/shatteredpixeldungeon/items/weapon/melee/Spear.java	f447124b52abfa7dd50718766fbd4a526f3b64f5bdb8034834f75d4d27cca6df	unported	-
core/src/main/java/com/shatteredpixel/shatteredpixeldungeon/items/weapon/melee/Sword.java	df03e2d724c3113571a30d8cabc58568e5297d39c071fbf8824f9fca9416999c	unported	-
core/src/main/java/com/shatteredpixel/shatteredpixeldungeon/items/weapon/melee/WarHammer.java	194c26d22b7334de0f1101cb6ecc428312a3739ec7a6449775613226c60fba58	unported	-
core/src/main/java/com/shatteredpixel/shatteredpixeldungeon/items/weapon/melee/WarScythe.java	cd521f5207066e6bd5788ffb5ac93cde9ee04799d22e881db4731b9029a858af	unported	-
core/src/main/java/com/shatteredpixel/shatteredpixeldungeon/items/weapon/melee/Whip.java	b78b703c3dcaa0fd387fcb37d4b5c1b4c66bcbf15f79e09b9029ce2d76343291	unported	-
core/src/main/java/com/shatteredpixel/shatteredpixeldungeon/items/weapon/melee/WornShortsword.java	31c3370169ce48acd50ceb2676664d6e88d756b71285dba9a2aa71d7f1b0f31f	unported	-
core/src/main/java/com/shatteredpixel/shatteredpixeldungeon/items/weapon/missiles/Bolas.java	2bea13257aa6cb80b53b134c03e027feae4ceacfb04b11e0f273714c428927e7	unported	-
core/src/main/java/com/shatteredpixel/shatteredpixeldungeon/items/weapon/missiles/FishingSpear.java	e65a5c013e7358b22253b03c157c20c86734bf196b276853ce9632d1b5cffec3	unported	-
core/src/main/java/com/shatteredpixel/shatteredpixeldungeon/items/weapon/missiles/ForceCube.java	4a43841a155b77de79c25c83934d8f8f810b13e5b742ca886ac930087d212016	unported	-
core/src/main/java/com/shatteredpixel/shatteredpixeldungeon/items/weapon/missiles/HeavyBoomerang.java	1e176bb17b50b5bd788323577269e7bea2eedfced72894a8cafbeef593ab8d8e	unported	-
core/src/main/java/com/shatteredpixel/shatteredpixeldungeon/items/weapon/missiles/Javelin.java	7a26fe89ea0392c45de278c1f38b9480bf31725205b0e7313ef4fdcfa5f5764e	unported	-
core/src/main/java/com/shatteredpixel/shatteredpixeldungeon/items/weapon/missiles/Kunai.java	4b6dc1522578af3d3c187fc43ba8cc2cf6497b45a78511966cde33b014d23378	unported	-
core/src/main/java/com/shatteredpixel/shatteredpixeldungeon/items/weapon/missiles/MissileWeapon.java	b342ff453b33c939bf5a24bcdb1c68d4523d1d11cc158270581a69b91414a7d1	unported	-
core/src/main/java/com/shatteredpixel/shatteredpixeldungeon/items/weapon/missiles/Shuriken.java	8ca821e00f7d6821f6331d93dfaf1807be41c2990bb25b33f5a37707bb712bac	unported	-
core/src/main/java/com/shatteredpixel/shatteredpixeldungeon/items/weapon/missiles/ThrowingClub.java	987ab3e1e2bea9c327f9508a29e3d8d16b05d25900a0578a47fde4248ab2cd8a	unported	-
core/src/main/java/com/shatteredpixel/shatteredpixeldungeon/items/weapon/missiles/ThrowingHammer.java	a7d592ec671bbbf9eef5b6f6001ed84d43b93d56fc0e49ab9105dc10930c36e6	unported	-
core/src/main/java/com/shatteredpixel/shatteredpixeldungeon/items/weapon/missiles/ThrowingKnife.java	9a01dc762fe97ce2124a12848fcb7f3bc7a83cd622c73962061441e4a28b6c51	unported	-
core/src/main/java/com/shatteredpixel/shatteredpixeldungeon/items/weapon/missiles/ThrowingSpear.java	cc30a280b6f364b4be2bc3b796b876e1e489c3f17b6de8f031c69c30f071fd45	unported	-
core/src/main/java/com/shatteredpixel/shatteredpixeldungeon/items/weapon/missiles/ThrowingSpike.java	3ccbc7bca20147cde42435b27d8fcbbd14e01778bc88c803bdec03a155acc4da	unported	-
core/src/main/java/com/shatteredpixel/shatteredpixeldungeon/items/weapon/missiles/ThrowingStone.java	41930d6e5f7dcf70f2179198baf075c69b29d752ea53d3deb3906782074d0e62	unported	-
core/src/main/java/com/shatteredpixel/shatteredpixeldungeon/items/weapon/missiles/Tomahawk.java	55e80e369d462b7c4af567a9c9f37228a455c12be7721f514a08ace140c07139	unported	-
core/src/main/java/com/shatteredpixel/shatteredpixeldungeon/items/weapon/missiles/Trident.java	433d58878f822ca5f75190642c2c66e65dadbf72f9a423480544a032bdc933f1	unported	-
core/src/main/java/com/shatteredpixel/shatteredpixeldungeon/items/weapon/missiles/darts/AdrenalineDart.java	2556e4b6f37fc55817f367a40f0338c7adc0c213a0de547d2715b7b87012e0d8	unported	-
core/src/main/java/com/shatteredpixel/shatteredpixeldungeon/items/weapon/missiles/darts/BlindingDart.java	57dba7064558b7de5d58da1a6fc3c02d0f9eee713189d19e01c83828a1b957c6	unported	-
core/src/main/java/com/shatteredpixel/shatteredpixeldungeon/items/weapon/missiles/darts/ChillingDart.java	544730349a7c0a7214669762a503e7bdad426ac268775559dfd782d7b0936401	unported	-
core/src/main/java/com/shatteredpixel/shatteredpixeldungeon/items/weapon/missiles/darts/CleansingDart.java	8efdf199c44280d2de6c231060e81215e5f9020e36089ca194fec0872001bd94	unported	-
core/src/main/java/com/shatteredpixel/shatteredpixeldungeon/items/weapon/missiles/darts/Dart.java	fe0180d4ce19790481b0fe1332d0aaea0acbfb655b26a07b4fd33392d4295701	unported	-
core/src/main/java/com/shatteredpixel/shatteredpixeldungeon/items/weapon/missiles/darts/DisplacingDart.java	32dfff38f08c043bf86b7811d9c3c56015dbd5f7a9feea0bb17fe0f1ddb952d5	unported	-
core/src/main/java/com/shatteredpixel/shatteredpixeldungeon/items/weapon/missiles/darts/HealingDart.java	9b5f090ac1ed3eb2b910af257dbf21e17bb0fc8b65f19b285ab7fb9f515932e1	unported	-
core/src/main/java/com/shatteredpixel/shatteredpixeldungeon/items/weapon/missiles/darts/HolyDart.java	e0b8717618089a63e21509e96fbcd7e1995d4089f3518dea8123e5a6206114bd	unported	-
core/src/main/java/com/shatteredpixel/shatteredpixeldungeon/items/weapon/missiles/darts/IncendiaryDart.java	976037649c5c1017e65801f6d36216f01301510a58478ca9a8c93851689a53aa	unported	-
core/src/main/java/com/shatteredpixel/shatteredpixeldungeon/items/weapon/missiles/darts/ParalyticDart.java	4b4329ab0b998da4cb9cf1c6391fb551895fe120c2e4efd6de792a8733cf59c9	unported	-
core/src/main/java/com/shatteredpixel/shatteredpixeldungeon/items/weapon/missiles/darts/PoisonDart.java	53986531437e74863d6f619e69c322bc79cb7e9ca46ae74d8c31c71260104cca	unported	-
core/src/main/java/com/shatteredpixel/shatteredpixeldungeon/items/weapon/missiles/darts/RotDart.java	12669caab76bad8115403d90ba93605255f1d0c97eee911861d829eb8ad8de10	unported	-
core/src/main/java/com/shatteredpixel/shatteredpixeldungeon/items/weapon/missiles/darts/ShockingDart.java	21a7931367f487036273675f0bdd709d1aefa9ca89eb2dc8a2b2aebd8d7b2331	unported	-
core/src/main/java/com/shatteredpixel/shatteredpixeldungeon/items/weapon/missiles/darts/TippedDart.java	4941e39a5b2ca63831c15f4e94dc2063ad811e30d581711b7939246e8c552e73	unported	-
core/src/main/java/com/shatteredpixel/shatteredpixeldungeon/journal/Bestiary.java	3dfcaced42654b68150f0dd75fecc8194cd68a22d6455bfcad10dfc70be3b4b5	unported	-
core/src/main/java/com/shatteredpixel/shatteredpixeldungeon/journal/Catalog.java	2f76f0b260c5df57ab08f13d67f4dbcd018cd8547e81664de7620615a754d4ff	unported	-
core/src/main/java/com/shatteredpixel/shatteredpixeldungeon/journal/Document.java	7e0b6d0ae861a8630e678bc3d99478bb66c5d89249901a9f59aef8724bf883bc	unported	-
core/src/main/java/com/shatteredpixel/shatteredpixeldungeon/journal/Journal.java	163c4ee51e864f1b47e73c6d885622da798785a6b9de1aa49779a047947a30a3	unported	-
core/src/main/java/com/shatteredpixel/shatteredpixeldungeon/journal/Notes.java	f7538c4f2a5a76e8e9ce3f353adbbbbc4a7d9c4c978b8f50f4dff7fb24d63af9	unported	-
core/src/main/java/com/shatteredpixel/shatteredpixeldungeon/levels/CavesBossLevel.java	48de32bdd09d8dee97e0990c7b2e7b865a8863fa9f3d3bdcb92ae1a0dbc054bf	unported	-
core/src/main/java/com/shatteredpixel/shatteredpixeldungeon/levels/CavesLevel.java	65bf20aa7927d7ca511f18e77b2c547092fa69d550d366791c8e08e0567a0333	unported	-
core/src/main/java/com/shatteredpixel/shatteredpixeldungeon/levels/CityBossLevel.java	7eb2570d2814b6745e033251b888fac5a1278095eca9485a67f0a26de76f6e70	unported	-
core/src/main/java/com/shatteredpixel/shatteredpixeldungeon/levels/CityLevel.java	3d4ef24c26984390bfd9f12fe03485b61322b90fa4abf99d4f2b8d7277a69142	unported	-
core/src/main/java/com/shatteredpixel/shatteredpixeldungeon/levels/DeadEndLevel.java	462a95769ddacc30408909010d7f2b04e29350d50767c9e72eb13cc5d342495e	unported	-
core/src/main/java/com/shatteredpixel/shatteredpixeldungeon/levels/HallsBossLevel.java	c55d92817993f986ef2053bb730b942169ea8b33e284638f9591b6d672851204	unported	-
core/src/main/java/com/shatteredpixel/shatteredpixeldungeon/levels/HallsLevel.java	3913b456d32b407327b278f166eea097a21fa0ead193c72d5f2bd525e136275a	unported	-
core/src/main/java/com/shatteredpixel/shatteredpixeldungeon/levels/LastLevel.java	617d5521638d415f52620cd1bf1c3713f12b13a3ef3518c65035a0f88476b34b	unported	-
core/src/main/java/com/shatteredpixel/shatteredpixeldungeon/levels/LastShopLevel.java	03ab526f1263e28b537698c8ed95b822eac40e14ded1eb90eae5e74e04b542e6	unported	-
core/src/main/java/com/shatteredpixel/shatteredpixeldungeon/levels/Level.java	9ace0747945af41c377893180ba9b57a1265d3ad43b5e75b6d26e6c22733dab5	partial	run.gd;spd_limited_drops.gd
core/src/main/java/com/shatteredpixel/shatteredpixeldungeon/levels/MiningLevel.java	02aee22996c2280ee17401c3a1556944ba39f0bf810e440b730a0e75b20b86eb	unported	-
core/src/main/java/com/shatteredpixel/shatteredpixeldungeon/levels/Patch.java	4f586e60702d4bd701bebc42ebcbf02b9d1677870afdbead2c453565ccedc7c9	unported	-
core/src/main/java/com/shatteredpixel/shatteredpixeldungeon/levels/PrisonBossLevel.java	d0ebc193fd5ea1e626ea9b395ee1279960627082ec51cc126f8ff6b9e25a0d91	unported	-
core/src/main/java/com/shatteredpixel/shatteredpixeldungeon/levels/PrisonLevel.java	5b6873f3b05dee0c472aa728fe08730e817a12c6be4532cbec6a909d0ce4da06	unported	-
core/src/main/java/com/shatteredpixel/shatteredpixeldungeon/levels/RegularLevel.java	e37179d63ea99b74313b63acfe7071b4809d0558902f0e3abf648d923b116129	partial	run.gd;spd_regular_spawner.gd;spd_room_plan.gd
core/src/main/java/com/shatteredpixel/shatteredpixeldungeon/levels/SewerBossLevel.java	13ac5d31228bbbd64397eb9539201a29e1d9f7a9d419c404822852a50e93154d	unported	-
core/src/main/java/com/shatteredpixel/shatteredpixeldungeon/levels/SewerLevel.java	0263c7981f61680ab328628d61297b944cc64053fecb450268806700ea3c10f3	unported	-
core/src/main/java/com/shatteredpixel/shatteredpixeldungeon/levels/Terrain.java	ee49167f6cfe41a32e80cd7e580a715f3352587f0d3e7df9b7fc4fb2fd841cc0	unported	-
core/src/main/java/com/shatteredpixel/shatteredpixeldungeon/levels/VaultLevel.java	654b7061d05abc3cda1643bff9ef646dd30df42137bcdf98b290b4208fdb5607	unported	-
core/src/main/java/com/shatteredpixel/shatteredpixeldungeon/levels/builders/BranchesBuilder.java	540fee4f89285f044f9c1ca4c748105bd3f19730679db5219c376eed0f73c5cb	unported	-
core/src/main/java/com/shatteredpixel/shatteredpixeldungeon/levels/builders/Builder.java	d96b37cc4dd1a8cacad04831e6d4b46dd840db959246b89f74d293bcb9f14cf1	partial	spd_builder.gd
core/src/main/java/com/shatteredpixel/shatteredpixeldungeon/levels/builders/FigureEightBuilder.java	f6e894bae126690cf12dc064ed6bfb6e74465f54ae3f4c33dd3b5ca06b5c55fe	unported	-
core/src/main/java/com/shatteredpixel/shatteredpixeldungeon/levels/builders/GridBuilder.java	4b4cb1d796b6c5d4ceab9951a8bcfdd1a888d4bf437bf511ad56ab0814c9000b	unported	-
core/src/main/java/com/shatteredpixel/shatteredpixeldungeon/levels/builders/LineBuilder.java	5320ba1c0d1fefa94d5fcfa6272e121c00fa76ad3361a750365ca70d51129dc8	unported	-
core/src/main/java/com/shatteredpixel/shatteredpixeldungeon/levels/builders/LoopBuilder.java	77c2fb29995f82bd903a0cc7a76ce6e2a3a203c125a9b11c202f22f0acb902c2	unported	-
core/src/main/java/com/shatteredpixel/shatteredpixeldungeon/levels/builders/RegularBuilder.java	05c60a1fe0a4e244ac674a9f92748f0b7aff51e6c0b075a401fa8943dbbd9d71	unported	-
core/src/main/java/com/shatteredpixel/shatteredpixeldungeon/levels/features/Chasm.java	761d817282225871ba0ab8988b0d722760d0d6fe04a5a0ad1283e45fab961c14	unported	-
core/src/main/java/com/shatteredpixel/shatteredpixeldungeon/levels/features/Door.java	451c940dc3a36150289f4a65dc5e41e82a611fb53879bff0f0675db823e4d8e6	unported	-
core/src/main/java/com/shatteredpixel/shatteredpixeldungeon/levels/features/HighGrass.java	ed5f1752c144f2151d5a36f0a8101a0cddc36555c86fcd7ab77ed814e097edec	unported	-
core/src/main/java/com/shatteredpixel/shatteredpixeldungeon/levels/features/LevelTransition.java	a90b3d384e5f7e986c0d43112bbb3b0b8e710ad4149fdd67e2f8dd6879410ede	unported	-
core/src/main/java/com/shatteredpixel/shatteredpixeldungeon/levels/features/Maze.java	afc42b1ea3c890870b8ae53688592ffe1f4183172ddc6d39557e576d64785813	unported	-
core/src/main/java/com/shatteredpixel/shatteredpixeldungeon/levels/painters/CavesPainter.java	fd0c680ee042a5f54360451e462cbf015059f93d3537672fcfa500a9a6812526	unported	-
core/src/main/java/com/shatteredpixel/shatteredpixeldungeon/levels/painters/CityPainter.java	14f454087b7142a2df69842b0b0ae9fa43b980f2391377e5c7925ab773f403a1	unported	-
core/src/main/java/com/shatteredpixel/shatteredpixeldungeon/levels/painters/HallsPainter.java	7d048961045fe1ab7f5413c4308a8ba84cf07735a01c3be9453bd6538e2ef5e8	unported	-
core/src/main/java/com/shatteredpixel/shatteredpixeldungeon/levels/painters/MiningLevelPainter.java	8660d429d4e101c22daa31e6b8bbcff66033b8fc3436c162187388d14b4c34ba	unported	-
core/src/main/java/com/shatteredpixel/shatteredpixeldungeon/levels/painters/Painter.java	f2b94ef8e0cac766cb06f643f3c7d3767027b94ecc25d93061470cda174c1839	unported	-
core/src/main/java/com/shatteredpixel/shatteredpixeldungeon/levels/painters/PrisonPainter.java	a744feb03e18e8aedfb0bf819f3dcf5bbe8529de429705114a55be2fed504d85	unported	-
core/src/main/java/com/shatteredpixel/shatteredpixeldungeon/levels/painters/RegularPainter.java	fbf29888dab0c78e007dbe9e3718cbe3eb03c6b32eecbdb91ce11d05548e96a0	unported	-
core/src/main/java/com/shatteredpixel/shatteredpixeldungeon/levels/painters/SewerPainter.java	69668bad0beff7b9f8423418f63febbcee6fc250d14056c59222db70228e242c	unported	-
core/src/main/java/com/shatteredpixel/shatteredpixeldungeon/levels/rooms/Room.java	283a63ba98f97cfb3b3e3658e50675e272e871a5413d9dc59e7b31f773a25960	partial	spd_room.gd;spd_room_door.gd
core/src/main/java/com/shatteredpixel/shatteredpixeldungeon/levels/rooms/connection/BridgeRoom.java	4cbd8f2061a430249a444ac34e842fcf573e482764da71eadab7edff2fa772be	unported	-
core/src/main/java/com/shatteredpixel/shatteredpixeldungeon/levels/rooms/connection/ConnectionRoom.java	5123fd3abfd4974cb1c2128e4334fc6364e1311a0efe929cd996f03f21cbc0be	unported	-
core/src/main/java/com/shatteredpixel/shatteredpixeldungeon/levels/rooms/connection/MazeConnectionRoom.java	718af71445e2e72bb24bfce8c3c46c3e19ed91cd165367d1d6a44c03e4c8371d	unported	-
core/src/main/java/com/shatteredpixel/shatteredpixeldungeon/levels/rooms/connection/PerimeterRoom.java	afbc947e0bb2ef519d097cca189e9b0ac91bf467793f9773c27c07efca31e8b1	unported	-
core/src/main/java/com/shatteredpixel/shatteredpixeldungeon/levels/rooms/connection/RingBridgeRoom.java	326207e67437117dbfe51023aef026d14d2b792759106e0cbf4fb9ebd5d9ed6b	unported	-
core/src/main/java/com/shatteredpixel/shatteredpixeldungeon/levels/rooms/connection/RingTunnelRoom.java	788a05f9a54ba363343a00196056de7628065e86e8f33a488f5f250c4d3e67f5	unported	-
core/src/main/java/com/shatteredpixel/shatteredpixeldungeon/levels/rooms/connection/TunnelRoom.java	96f6756a8deaceaa50c4cf25f86b27f84b13e7d85bbb8b2ad1ce41a30b3fa7a2	unported	-
core/src/main/java/com/shatteredpixel/shatteredpixeldungeon/levels/rooms/connection/WalkwayRoom.java	c10e21562cc9cf05293e07f34a01ecd0933c8bef1b1102c61540a561a238e2b5	unported	-
core/src/main/java/com/shatteredpixel/shatteredpixeldungeon/levels/rooms/quest/AmbitiousImpRoom.java	b067ee07a7eec01ab48887317498b1f9aafa8e2b8db4bb8cacd71f2aca28196b	unported	-
core/src/main/java/com/shatteredpixel/shatteredpixeldungeon/levels/rooms/quest/BlacksmithRoom.java	17941583be31aba2440911bada8500a22a0dfdd6183dcb16119bd111629d2462	unported	-
core/src/main/java/com/shatteredpixel/shatteredpixeldungeon/levels/rooms/quest/MassGraveRoom.java	0b0ec5c5ca0d76c2bd38e7ca1773856d13a6dac03fa131f49aec91edafdf1535	unported	-
core/src/main/java/com/shatteredpixel/shatteredpixeldungeon/levels/rooms/quest/MineEntrance.java	9344f97a672b983a504d0fff5b3ddb3c5540e5c7f176cfa515cef2f20fdd8573	unported	-
core/src/main/java/com/shatteredpixel/shatteredpixeldungeon/levels/rooms/quest/MineGiantRoom.java	a715ef6d835f3918e017824c0f5471780ea733b0408d5b8d8fa423be31ccfbde	unported	-
core/src/main/java/com/shatteredpixel/shatteredpixeldungeon/levels/rooms/quest/MineLargeRoom.java	e111f2d6265691747095d7f649a271e8a9bbe74b6c2abf529106933326cb6577	unported	-
core/src/main/java/com/shatteredpixel/shatteredpixeldungeon/levels/rooms/quest/MineSecretRoom.java	b23f5a2e04ef694a29bf6ddb9603295d7c29164aa65f5eb2897cbc6946640061	unported	-
core/src/main/java/com/shatteredpixel/shatteredpixeldungeon/levels/rooms/quest/MineSmallRoom.java	ce7af6c47ffdd29cebd7d1c15012b3c57b45d99136c5578cacf9be8e2f14ffa8	unported	-
core/src/main/java/com/shatteredpixel/shatteredpixeldungeon/levels/rooms/quest/RitualSiteRoom.java	21f80a7891d28fc8b411052e73d309902fd25325c52cf74280c9835eccd141aa	unported	-
core/src/main/java/com/shatteredpixel/shatteredpixeldungeon/levels/rooms/quest/RotGardenRoom.java	1dcc10887831d06c110df5cb19a2c6ac029b775813b952d9ece8c339f0a46e35	unported	-
core/src/main/java/com/shatteredpixel/shatteredpixeldungeon/levels/rooms/quest/vault/VaultAlternatingFireRoom.java	8d7bdca63aebbea7e2f5385a5ad35813dfb89078aba6411cb67ee4012a25f6c3	unported	-
core/src/main/java/com/shatteredpixel/shatteredpixeldungeon/levels/rooms/quest/vault/VaultCircleRoom.java	7c54efb1c0a159865a232909e65310369db648a179a1573bf3df36feeeaf3dff	unported	-
core/src/main/java/com/shatteredpixel/shatteredpixeldungeon/levels/rooms/quest/vault/VaultCrossRoom.java	abe581cddcb54bf389141d008de00fd9615b733fb5ff214ac6053d5a4aaf055a	unported	-
core/src/main/java/com/shatteredpixel/shatteredpixeldungeon/levels/rooms/quest/vault/VaultEnemyCenterRoom.java	fa0d08a3b5d415e3d939c11f61296d0d47c26314ebdb967bab0cd48f0d43d7c3	unported	-
core/src/main/java/com/shatteredpixel/shatteredpixeldungeon/levels/rooms/quest/vault/VaultEntranceRoom.java	98893f204613ee37ba03af2902a89543d614afb9e937f8ad5d10d3c0e0d4a1c5	unported	-
core/src/main/java/com/shatteredpixel/shatteredpixeldungeon/levels/rooms/quest/vault/VaultFinalRoom.java	7de185d1b3cefca3d9b9523891cd47e3a909ebdba3ee279b5be8113091d8bec2	unported	-
core/src/main/java/com/shatteredpixel/shatteredpixeldungeon/levels/rooms/quest/vault/VaultHallwayRoom.java	8cc2a8ad6f996378244bfb3f2822c586ec6ce209a44f613493c8fdabe4125b47	unported	-
core/src/main/java/com/shatteredpixel/shatteredpixeldungeon/levels/rooms/quest/vault/VaultLasersRoom.java	e018991a90394557464948ec3c2023f4e28e8432d85691b11d0cb1879995e8bf	unported	-
core/src/main/java/com/shatteredpixel/shatteredpixeldungeon/levels/rooms/quest/vault/VaultLongRingsRoom.java	623639e78efc28e27e40cc7eded93874405188f81f17a4bcf9eb228a2b266182	unported	-
core/src/main/java/com/shatteredpixel/shatteredpixeldungeon/levels/rooms/quest/vault/VaultLongRoom.java	a7456c18b83a3c7700b7858a4f24fd575e21d29f9d5fcac6e0962e9857d6ef35	unported	-
core/src/main/java/com/shatteredpixel/shatteredpixeldungeon/levels/rooms/quest/vault/VaultQuadrantsRoom.java	b36bf0fc0a3725efb2dbff5caaf1f43e4cc158fca40102681f3b441756768b4f	unported	-
core/src/main/java/com/shatteredpixel/shatteredpixeldungeon/levels/rooms/quest/vault/VaultRingRoom.java	32af33d0899272c2e91477181af319719859ccd23f3c522f596175e94ba3074c	unported	-
core/src/main/java/com/shatteredpixel/shatteredpixeldungeon/levels/rooms/quest/vault/VaultRingsRoom.java	86b222396090fdbdb3cb1325a1ad3bb7bb52c345d5d4c68dae726145ab5790b0	unported	-
core/src/main/java/com/shatteredpixel/shatteredpixeldungeon/levels/rooms/quest/vault/VaultRoom.java	1672e1c85f0be85945dbaa01523041545d5455cd424a0cf981cd03b9ae542ac6	unported	-
core/src/main/java/com/shatteredpixel/shatteredpixeldungeon/levels/rooms/quest/vault/VaultSimpleEnemyTreasureRoom.java	731b4ca5d20ad5b231c0b5dacb4cc93b382ec86f3cba3183f95f964adc87e1fe	unported	-
core/src/main/java/com/shatteredpixel/shatteredpixeldungeon/levels/rooms/quest/vault/VaultTokensRoom.java	678c0f6dacc4663bdaacc42d7d80a04f92d436b3a92e5c9d10688e8f3121eafd	unported	-
core/src/main/java/com/shatteredpixel/shatteredpixeldungeon/levels/rooms/quest/vault/treasure/VaultBookcaseTreasureRoom.java	655e25044838b08dfc2d20299175fcab36a14ef87dd71b19e6e10204633402a2	unported	-
core/src/main/java/com/shatteredpixel/shatteredpixeldungeon/levels/rooms/quest/vault/treasure/VaultCircleScanTreasureRoom.java	c930d4876a11ac40b7658e1a1ce1239d13719f3220b2aed8f6980e26bccd69cb	unported	-
core/src/main/java/com/shatteredpixel/shatteredpixeldungeon/levels/rooms/quest/vault/treasure/VaultFlamePathRoom.java	eea0e1cad9d29d4cb4f134077a9bac3a62f83f8e959d85d1e92ed7d181cb213c	unported	-
core/src/main/java/com/shatteredpixel/shatteredpixeldungeon/levels/rooms/quest/vault/treasure/VaultFlamesTreasureRoom.java	a72ebd23c1823ef73ff5f0847d40e48a06179d9db765660d918a98ceaeedac93	unported	-
core/src/main/java/com/shatteredpixel/shatteredpixeldungeon/levels/rooms/quest/vault/treasure/VaultHardLaserTreasureRoom.java	b87a688c7d3937b6374b60a49c4a30e8a9839a2edbfac237c22f79f1d7980d91	unported	-
core/src/main/java/com/shatteredpixel/shatteredpixeldungeon/levels/rooms/quest/vault/treasure/VaultLaserTreasureRoom.java	7917da13a5f94c3c4f495409c8da516602f8e023caa67d3a127ca7e4d0e276ff	unported	-
core/src/main/java/com/shatteredpixel/shatteredpixeldungeon/levels/rooms/quest/vault/treasure/VaultManyScansRoom.java	4f56ad18065705f67b57c0cfca5a295bde6e0ff51647509fc7295497338a8e81	unported	-
core/src/main/java/com/shatteredpixel/shatteredpixeldungeon/levels/rooms/quest/vault/treasure/VaultMultipleEnemyTreasureRoom.java	8c0eeca82a996d17112156629730754e640351507f21a5664096c1e9a21d94f5	unported	-
core/src/main/java/com/shatteredpixel/shatteredpixeldungeon/levels/rooms/quest/vault/treasure/VaultSingleEnemyTreasureRoom.java	f68dae88a25a5effa6687ea49dc89c1a2f3ce75ceca825510a8e35eb5a48b103	unported	-
core/src/main/java/com/shatteredpixel/shatteredpixeldungeon/levels/rooms/quest/vault/treasure/VaultTreasureRoom.java	23c59a01d1e3720a817d8d3bd96f3206a4a1cbc538bbbf99f462b46c4242a369	unported	-
core/src/main/java/com/shatteredpixel/shatteredpixeldungeon/levels/rooms/secret/RatKingRoom.java	8117d68b3238f980173c52535ed3358529f2cb8f8a12b477943fa5dd76795a46	unported	-
core/src/main/java/com/shatteredpixel/shatteredpixeldungeon/levels/rooms/secret/SecretArtilleryRoom.java	c130a84dc117953d12d46f03d84a4fb2d3f7168571b094fc3c0b0fab9c844908	unported	-
core/src/main/java/com/shatteredpixel/shatteredpixeldungeon/levels/rooms/secret/SecretChestChasmRoom.java	fd8f82107ecce5f52aa2dcd5395a4f6c33f631af12373faa2ec32dd63e70c368	unported	-
core/src/main/java/com/shatteredpixel/shatteredpixeldungeon/levels/rooms/secret/SecretGardenRoom.java	b305e73828c41a67a09524cce448e69250822f10527a26b60804ca0698a22b34	unported	-
core/src/main/java/com/shatteredpixel/shatteredpixeldungeon/levels/rooms/secret/SecretHoardRoom.java	f7720fa89bcbf9a0c01e1f6e90fda966e7de9908af6e1b75ff1f59670705ffc9	unported	-
core/src/main/java/com/shatteredpixel/shatteredpixeldungeon/levels/rooms/secret/SecretHoneypotRoom.java	db61c2b1e864857f24028bb9f7ffb4613a0534dd8ceb227b966093ee2e2f6c39	unported	-
core/src/main/java/com/shatteredpixel/shatteredpixeldungeon/levels/rooms/secret/SecretLaboratoryRoom.java	d968d5ad9e1bc203c5562d65cf764ab8eeb1aadd556b2e3baec6d64ce141ff1a	unported	-
core/src/main/java/com/shatteredpixel/shatteredpixeldungeon/levels/rooms/secret/SecretLarderRoom.java	5371d4145347ca5494ce978e2691dc8b20fb4e5ce87aa58037f1ff9365b488c3	unported	-
core/src/main/java/com/shatteredpixel/shatteredpixeldungeon/levels/rooms/secret/SecretLibraryRoom.java	5e8e54f36d1655db3045e2f64f6df4784369a5977e561c940971ffe6b1ea187c	unported	-
core/src/main/java/com/shatteredpixel/shatteredpixeldungeon/levels/rooms/secret/SecretMazeRoom.java	905dc1f8a9088a7123fa46b6dcc8ff0cab95cbb888cdbfe0f068adb1a4f36556	unported	-
core/src/main/java/com/shatteredpixel/shatteredpixeldungeon/levels/rooms/secret/SecretRoom.java	0b517e62c10dc60d4e57cde27356dc4fde3ce150ee958e486752579dea298397	unported	-
core/src/main/java/com/shatteredpixel/shatteredpixeldungeon/levels/rooms/secret/SecretRunestoneRoom.java	7f6d066f32a8cfbfca5f0d251b7aab20834d19cb0089cc3cc28dd80ec8d0bdf6	unported	-
core/src/main/java/com/shatteredpixel/shatteredpixeldungeon/levels/rooms/secret/SecretSummoningRoom.java	9d6e7597572621535674d319a90b8e1ecb57c3ec8f2b5e442be3c4ec753b8165	unported	-
core/src/main/java/com/shatteredpixel/shatteredpixeldungeon/levels/rooms/secret/SecretWellRoom.java	c26687eca65fc91daeefe05fcdaa6add571df2bd5378b97ad3f209d495ef61b9	unported	-
core/src/main/java/com/shatteredpixel/shatteredpixeldungeon/levels/rooms/sewerboss/DiamondGooRoom.java	d71cd61d60ddfa41f105d62e2d359587aa2730b4d4caa699f37d22af36b4bd19	unported	-
core/src/main/java/com/shatteredpixel/shatteredpixeldungeon/levels/rooms/sewerboss/GooBossRoom.java	8db33611934e614a7d2271fd13b1375d1dd06eadfa24fc7d8ce6eefb883d2901	unported	-
core/src/main/java/com/shatteredpixel/shatteredpixeldungeon/levels/rooms/sewerboss/SewerBossEntranceRoom.java	81d1a275b78c4b8baaa581f6753d6c81f84f953be6415182e1bc56839a747d25	unported	-
core/src/main/java/com/shatteredpixel/shatteredpixeldungeon/levels/rooms/sewerboss/SewerBossExitRoom.java	a8dd97c4ccd79aee8c023d50413cda8c922efcdbc4bd238593d8ba242a176c90	unported	-
core/src/main/java/com/shatteredpixel/shatteredpixeldungeon/levels/rooms/sewerboss/ThickPillarsGooRoom.java	60ba84daf8878b1d72ec4cb2cefc64f9343a260ad5ed58378c259f985c9b7170	unported	-
core/src/main/java/com/shatteredpixel/shatteredpixeldungeon/levels/rooms/sewerboss/ThinPillarsGooRoom.java	49de68431b13e4c26339f8f6f698db0ff9946dba0cc90f2f45c61315d1ed867a	unported	-
core/src/main/java/com/shatteredpixel/shatteredpixeldungeon/levels/rooms/sewerboss/WalledGooRoom.java	cc810c60db08a1a0bd8879bf210bb2caf684f22e2bf91bccc1edf3b07b1abb00	unported	-
core/src/main/java/com/shatteredpixel/shatteredpixeldungeon/levels/rooms/special/ArmoryRoom.java	5007005ed77cc7c157f68b763bffe088cbc4857983f3edaebb0110f331711ccb	unported	-
core/src/main/java/com/shatteredpixel/shatteredpixeldungeon/levels/rooms/special/CryptRoom.java	143a12394375654cf9fa0e7cc098f6a3e909658837cf92ec045e6653e00146f8	unported	-
core/src/main/java/com/shatteredpixel/shatteredpixeldungeon/levels/rooms/special/CrystalChoiceRoom.java	9ac6dd4c00372df59a558b6a97b2f1f4fffcd2c0c1f2f0e401bc36fdf7d14ac4	unported	-
core/src/main/java/com/shatteredpixel/shatteredpixeldungeon/levels/rooms/special/CrystalPathRoom.java	bccc25cc7abde394521595910ae8058387741b3a124f52e13575fcd92507546a	unported	-
core/src/main/java/com/shatteredpixel/shatteredpixeldungeon/levels/rooms/special/CrystalVaultRoom.java	516661809e378021efb51717fbfe955ed4d11c2ec2eedd7891e0e3d2551908af	unported	-
core/src/main/java/com/shatteredpixel/shatteredpixeldungeon/levels/rooms/special/DemonSpawnerRoom.java	7893b0b7ce7af686a3e37e0a243b0dcc27862d46b90aa9e601828817b859a467	unported	-
core/src/main/java/com/shatteredpixel/shatteredpixeldungeon/levels/rooms/special/GardenRoom.java	1c3f7bde826737198374bb0a6a8c6c84ca9a5575c1b56f98b66025c74d39482e	unported	-
core/src/main/java/com/shatteredpixel/shatteredpixeldungeon/levels/rooms/special/LaboratoryRoom.java	964d638497f7184df6c0c68df4123d1e64072d4107acd2846bf8f14deeb0819f	unported	-
core/src/main/java/com/shatteredpixel/shatteredpixeldungeon/levels/rooms/special/LibraryRoom.java	0852d5d22f59d3fbdf39d4b552f2e488ac5f24c3b67bee7c218011cd045c8102	unported	-
core/src/main/java/com/shatteredpixel/shatteredpixeldungeon/levels/rooms/special/MagicWellRoom.java	7e1c07bfdc3f4743142eea2777d4bf19d8504cb84299ea92a69fe4534ca2ae94	unported	-
core/src/main/java/com/shatteredpixel/shatteredpixeldungeon/levels/rooms/special/MagicalFireRoom.java	4289647f59ebb0d438fcb9fd206638621f68341582b557be32a0fd51aeb6e44a	unported	-
core/src/main/java/com/shatteredpixel/shatteredpixeldungeon/levels/rooms/special/PitRoom.java	8a04e3d30b05f2dc3c867b097ca1e687afe478ceda30f830d7ab702114acf0bb	unported	-
core/src/main/java/com/shatteredpixel/shatteredpixeldungeon/levels/rooms/special/PoolRoom.java	d0c2a0ad98514f24fcbd5162effa46ccc79c9b1f0319ed872fe69828adf616b1	unported	-
core/src/main/java/com/shatteredpixel/shatteredpixeldungeon/levels/rooms/special/RunestoneRoom.java	ffc96a80badccd40a318a12be687983b3bf2f0a06b457a6db97f773239fd0263	unported	-
core/src/main/java/com/shatteredpixel/shatteredpixeldungeon/levels/rooms/special/SacrificeRoom.java	923e12a5d6ea2262774f40d7176d545a5083d027900370d16f76e654836d02f5	unported	-
core/src/main/java/com/shatteredpixel/shatteredpixeldungeon/levels/rooms/special/SentryRoom.java	1194d652df26b12aa206e78d0b7fd1a5c52f90d693711f05dedaf13335918837	unported	-
core/src/main/java/com/shatteredpixel/shatteredpixeldungeon/levels/rooms/special/ShopRoom.java	9cd87b2765e6ac4f3689cad906b9d7887f8d976f8d38d5c356e922d7e9133d5b	unported	-
core/src/main/java/com/shatteredpixel/shatteredpixeldungeon/levels/rooms/special/SpecialRoom.java	3c4460359b923a407d8976a42cf592d2292dcc932624cb5fdc538961d7c10280	unported	-
core/src/main/java/com/shatteredpixel/shatteredpixeldungeon/levels/rooms/special/StatueRoom.java	df6715231a33f0153f50a98c8aad4e8cb81b00d9af5d0503fd144eddefc294e4	unported	-
core/src/main/java/com/shatteredpixel/shatteredpixeldungeon/levels/rooms/special/StorageRoom.java	0b0fd8469c36706990ca5c05cb00f9c65ace4d506eb825696ae019022a091d5a	unported	-
core/src/main/java/com/shatteredpixel/shatteredpixeldungeon/levels/rooms/special/ToxicGasRoom.java	b440dac7d48499f77ccda936a298015070e922f675bf145a764da4e6fa9fe489	unported	-
core/src/main/java/com/shatteredpixel/shatteredpixeldungeon/levels/rooms/special/TrapsRoom.java	f428f3a12e8c2db2191ded1a0a7cbf1ce259edbfa5a5c5349835fe01020aaf68	unported	-
core/src/main/java/com/shatteredpixel/shatteredpixeldungeon/levels/rooms/special/TreasuryRoom.java	e2e74098582d12ed0eeacb317b226f4dcedb742f2575a1711e0e1042cc9eb388	unported	-
core/src/main/java/com/shatteredpixel/shatteredpixeldungeon/levels/rooms/special/WeakFloorRoom.java	e0401ac4fc3d0c4ca1ec4a0990a5f47757df4d66dd02f3e9d3fd3e7ff463b51d	unported	-
core/src/main/java/com/shatteredpixel/shatteredpixeldungeon/levels/rooms/standard/AquariumRoom.java	844b81553cde9935552520710ceb5e25f17927f67c79abf9a5525faf151c73f3	unported	-
core/src/main/java/com/shatteredpixel/shatteredpixeldungeon/levels/rooms/standard/BurnedRoom.java	d209f8db9c8d4127e8356db40c9876c8b9ce93db5f338259d6ae0f614c473cb7	unported	-
core/src/main/java/com/shatteredpixel/shatteredpixeldungeon/levels/rooms/standard/CaveRoom.java	00a3a1e0a98d9dfc99decd54fda45cd90fff676b8e0b972ed46ff12193f882e2	unported	-
core/src/main/java/com/shatteredpixel/shatteredpixeldungeon/levels/rooms/standard/CavesFissureRoom.java	ac7d6312d2414fccb02a65544b8c5b015dbc0ec05b06cbd13ace88e8fa7748ef	unported	-
core/src/main/java/com/shatteredpixel/shatteredpixeldungeon/levels/rooms/standard/CellBlockRoom.java	ee10f051051bf6a7f99b6e9ad91ad56c17ca0c8c435709af1a43f7749e8d70d9	unported	-
core/src/main/java/com/shatteredpixel/shatteredpixeldungeon/levels/rooms/standard/ChasmBridgeRoom.java	71deb5cd562a5fd134b03de231efaae1525db3eb115861a9f3d4d7a055c0758f	unported	-
core/src/main/java/com/shatteredpixel/shatteredpixeldungeon/levels/rooms/standard/ChasmRoom.java	16c76182608dc512133b58064121c8c039d779972322f2a8c99b1a3978420898	unported	-
core/src/main/java/com/shatteredpixel/shatteredpixeldungeon/levels/rooms/standard/CircleBasinRoom.java	33f8e6ffaf1bf9d89f19cdfe9a686bf4f715028fbdd7ce9cc0f3a53b29dbaa4d	unported	-
core/src/main/java/com/shatteredpixel/shatteredpixeldungeon/levels/rooms/standard/CirclePitRoom.java	e83797738724ea0e63ede6d25833dcc93aecad435a214c4afc9ddb267cb5c325	unported	-
core/src/main/java/com/shatteredpixel/shatteredpixeldungeon/levels/rooms/standard/CircleWallRoom.java	00333b3b0b13b463a2927fc8c59ed590603d71ebbdb00d1cd06fe8d816bd0790	unported	-
core/src/main/java/com/shatteredpixel/shatteredpixeldungeon/levels/rooms/standard/EmptyRoom.java	8198263490f349ffa05c9ef0c88566bb484a462d3580b889502d2e22a3cd9b35	unported	-
core/src/main/java/com/shatteredpixel/shatteredpixeldungeon/levels/rooms/standard/FissureRoom.java	3eaf83c5a686b3e542a2132ee1032f19859518122870d5ce0ea89c281d03a0d1	unported	-
core/src/main/java/com/shatteredpixel/shatteredpixeldungeon/levels/rooms/standard/GrassyGraveRoom.java	61a4de2f88fbde5d8cfcf81364479d6120b122e9e0c011f369be55d05be1ee17	unported	-
core/src/main/java/com/shatteredpixel/shatteredpixeldungeon/levels/rooms/standard/HallwayRoom.java	28c2aff3af03a7b33125579ac8800f841f7c41263190ec9daf56cf17252f0a79	unported	-
core/src/main/java/com/shatteredpixel/shatteredpixeldungeon/levels/rooms/standard/ImpShopRoom.java	f1f0a35cfde9a52f95244b04a2891a8b22b40874fdc33b809a6bc0085a1ab33c	unported	-
core/src/main/java/com/shatteredpixel/shatteredpixeldungeon/levels/rooms/standard/LibraryHallRoom.java	4f0c5f79f1f0165f05d04e8e04d4a631c81c7ca649b0f01c2afb472b537ac896	unported	-
core/src/main/java/com/shatteredpixel/shatteredpixeldungeon/levels/rooms/standard/LibraryRingRoom.java	76b66dc1a8d36159e349a8a2e20330b1129aa183143c4cc0682b60baee2be480	unported	-
core/src/main/java/com/shatteredpixel/shatteredpixeldungeon/levels/rooms/standard/MinefieldRoom.java	6e3b954c796d052d5f408d9c62c0587cbeb9c5fa7043d49a765aa40b0f64ce5a	unported	-
core/src/main/java/com/shatteredpixel/shatteredpixeldungeon/levels/rooms/standard/PatchRoom.java	82e8586b364cba2646b4d4445fbca3787e959280ec6033851cd214cc0671f644	unported	-
core/src/main/java/com/shatteredpixel/shatteredpixeldungeon/levels/rooms/standard/PillarsRoom.java	94e36f38bf095ce6b263854fcb3e5dfc2806dd5ddd49f826c1ecf80a533dbb62	unported	-
core/src/main/java/com/shatteredpixel/shatteredpixeldungeon/levels/rooms/standard/PlantsRoom.java	c25d6fdfb2d8936927cb1657ced413c86c2906f2b52b0f6215574ddf542fcff7	unported	-
core/src/main/java/com/shatteredpixel/shatteredpixeldungeon/levels/rooms/standard/PlatformRoom.java	9f1c978629865dc9b6e6c42678151f0fd280f01205b2ec1e15b744f2cd050b61	unported	-
core/src/main/java/com/shatteredpixel/shatteredpixeldungeon/levels/rooms/standard/RegionDecoBridgeRoom.java	cd73341d32f794e1b876ddead80e33d27e8506ffb5bb7a2b52ee6ca93e6ca52c	unported	-
core/src/main/java/com/shatteredpixel/shatteredpixeldungeon/levels/rooms/standard/RegionDecoLineRoom.java	19d78ad4b62da6e0620e4a8d0def305221a6eb7686ac5066d39d877c75fe1ff8	unported	-
core/src/main/java/com/shatteredpixel/shatteredpixeldungeon/levels/rooms/standard/RegionDecoPatchRoom.java	ce1acf7e657d5a314a96090cb4149d4a25cce9afc4b6d02a64b4d9ae4ad0d993	unported	-
core/src/main/java/com/shatteredpixel/shatteredpixeldungeon/levels/rooms/standard/RingRoom.java	3de3a8f03d0eeeb74779b545af5f2d9ed5eecfd3ba6f9fcd25472eee4d1a22fd	unported	-
core/src/main/java/com/shatteredpixel/shatteredpixeldungeon/levels/rooms/standard/RitualRoom.java	4968d9cb42a1aeea208022711154467e87f9f505490be4f72bd717280b287a05	unported	-
core/src/main/java/com/shatteredpixel/shatteredpixeldungeon/levels/rooms/standard/RuinsRoom.java	be34c6864b5da8375d575a0a6c2dd4751f16792ffebffb9e3e1d1de686a27b5a	unported	-
core/src/main/java/com/shatteredpixel/shatteredpixeldungeon/levels/rooms/standard/SegmentedLibraryRoom.java	efdaea3f4ad29454ac5a2ee88c8b5f75354886af77fc63d90d64c1e60d61ffa8	unported	-
core/src/main/java/com/shatteredpixel/shatteredpixeldungeon/levels/rooms/standard/SegmentedRoom.java	0e5b50c341d82c35a6311e9acbfc4096c97be45973998a2b7515391e721fb2e0	unported	-
core/src/main/java/com/shatteredpixel/shatteredpixeldungeon/levels/rooms/standard/SewerPipeRoom.java	c6f6df09079b52cf8e5d0433040281a269f677c8017e3e973e4a310c01203be7	unported	-
core/src/main/java/com/shatteredpixel/shatteredpixeldungeon/levels/rooms/standard/SkullsRoom.java	d9768ff5ecc4e9572d8b05c961ed780eaba282181a7e250c174c42a588807e6b	unported	-
core/src/main/java/com/shatteredpixel/shatteredpixeldungeon/levels/rooms/standard/StandardBridgeRoom.java	61470b690509a7359603e97794c257018ba5258fadcd5bd9617c248473ef007b	unported	-
core/src/main/java/com/shatteredpixel/shatteredpixeldungeon/levels/rooms/standard/StandardRoom.java	0d8abbf66b652b99355bcc4110bcaa6b6a6c56bce7ef05fee56c8a4810e8901b	unported	-
core/src/main/java/com/shatteredpixel/shatteredpixeldungeon/levels/rooms/standard/StatueLineRoom.java	983c110f300e72ba196b49bda74ebcdab447d4b2b1ce4d79592daae9207a7fdf	unported	-
core/src/main/java/com/shatteredpixel/shatteredpixeldungeon/levels/rooms/standard/StatuesRoom.java	9fa50b8c138c0f8c1b5b79fad17d2bad709a888c21f8a53936f31199510a2672	unported	-
core/src/main/java/com/shatteredpixel/shatteredpixeldungeon/levels/rooms/standard/StripedRoom.java	f03f515c5395737937025fcd714ee64e9bc14e0c721694d245ff2f5ad7c7db83	unported	-
core/src/main/java/com/shatteredpixel/shatteredpixeldungeon/levels/rooms/standard/StudyRoom.java	49064f4a021601c67c300e86fe108ec1de2545ec1c6f0bd3f9a48f225579fb6d	unported	-
core/src/main/java/com/shatteredpixel/shatteredpixeldungeon/levels/rooms/standard/SuspiciousChestRoom.java	8ff1774b537db332932828966a928a1e5b117c040222b1bc72848ff68c5afb4f	unported	-
core/src/main/java/com/shatteredpixel/shatteredpixeldungeon/levels/rooms/standard/WaterBridgeRoom.java	99ff303c1b2e4652589315872cd0d2395d0ddcd09c2b15517cbda250e0e6afe7	unported	-
core/src/main/java/com/shatteredpixel/shatteredpixeldungeon/levels/rooms/standard/entrance/CaveEntranceRoom.java	e977331fd295f3bc5cd1de55ab52803c23ad0fae1e74398c611ba5164dc8e920	unported	-
core/src/main/java/com/shatteredpixel/shatteredpixeldungeon/levels/rooms/standard/entrance/CavesFissureEntranceRoom.java	c7f18e89418fd25a07cc22f7aa0a473da95c6066a624f619e4a337764fcafd8f	unported	-
core/src/main/java/com/shatteredpixel/shatteredpixeldungeon/levels/rooms/standard/entrance/CellBlockEntranceRoom.java	e6df05d10158aec6593932d3933bcb838f8a8528518aa1e505d9ec8916d0857d	unported	-
core/src/main/java/com/shatteredpixel/shatteredpixeldungeon/levels/rooms/standard/entrance/ChasmBridgeEntranceRoom.java	674dd09c558cf3ccd0a3fc9a020ceccb551e26817fedc58547e0304ef2ba497d	unported	-
core/src/main/java/com/shatteredpixel/shatteredpixeldungeon/levels/rooms/standard/entrance/ChasmEntranceRoom.java	0ddebcd2a50c1eae263a674d0189ae2c9bfee988525b7f1f6d5401361bb24e59	unported	-
core/src/main/java/com/shatteredpixel/shatteredpixeldungeon/levels/rooms/standard/entrance/CircleBasinEntranceRoom.java	8abd59d064d05bafec84e8ca01764816a79b0c8325f7d6da427d30e0ab52a1d9	unported	-
core/src/main/java/com/shatteredpixel/shatteredpixeldungeon/levels/rooms/standard/entrance/EntranceRoom.java	23b6db1f4c0317c975d6ed95d7b15b704eaf9e58c8053aa733dac77db0f98302	unported	-
core/src/main/java/com/shatteredpixel/shatteredpixeldungeon/levels/rooms/standard/entrance/HallwayEntranceRoom.java	16703f0788b473fdfa97db041dfae293d2f1665b3e752858984216f912ba69cd	unported	-
core/src/main/java/com/shatteredpixel/shatteredpixeldungeon/levels/rooms/standard/entrance/LibraryHallEntranceRoom.java	c8d71ebb8661983de9aee2b457d24071b5ab80057af208b8a20a6601e32f88d1	unported	-
core/src/main/java/com/shatteredpixel/shatteredpixeldungeon/levels/rooms/standard/entrance/LibraryRingEntranceRoom.java	35caa5775a06547643c716c5ee999f2e03df763cb8209593b0ea572b21292af8	unported	-
core/src/main/java/com/shatteredpixel/shatteredpixeldungeon/levels/rooms/standard/entrance/PillarsEntranceRoom.java	e625bb5f9c7a68280469a32ed61671900b9217f85d5a5478e8156e5c475c7a18	unported	-
core/src/main/java/com/shatteredpixel/shatteredpixeldungeon/levels/rooms/standard/entrance/RegionDecoBridgeEntranceRoom.java	ff6f6fa132dee4c85436db5f241ede76337c615b8d80ef3f5db3804ef4a879cc	unported	-
core/src/main/java/com/shatteredpixel/shatteredpixeldungeon/levels/rooms/standard/entrance/RegionDecoLineEntranceRoom.java	f53750d86f7d21e3031522d81b142518480f77362757143ea057cc85e9cc4ff8	unported	-
core/src/main/java/com/shatteredpixel/shatteredpixeldungeon/levels/rooms/standard/entrance/RegionDecoPatchEntranceRoom.java	c06ba50652d1a4e32a4b609150c9d1c67dab98b40333e35d214f66804e2ac6a0	unported	-
core/src/main/java/com/shatteredpixel/shatteredpixeldungeon/levels/rooms/standard/entrance/RingEntranceRoom.java	57db9a29997dd247bc5b899e8df9afd1913fe505bdb7bc51deadccb0a63c7213	unported	-
core/src/main/java/com/shatteredpixel/shatteredpixeldungeon/levels/rooms/standard/entrance/RitualEntranceRoom.java	6830338a9d69435c9fbe926fb13787cb62feee081f35b41e6cfe9a94561f8182	unported	-
core/src/main/java/com/shatteredpixel/shatteredpixeldungeon/levels/rooms/standard/entrance/RuinsEntranceRoom.java	c28aa9668b9d6837a5380e436df622e9cff1ea529a228f336111bbe1443cc8da	unported	-
core/src/main/java/com/shatteredpixel/shatteredpixeldungeon/levels/rooms/standard/entrance/StatueLineEntranceRoom.java	791e706d7264d75041867fd8b749bbd52c08d48a8daa0b2288ebf7180f4036fc	unported	-
core/src/main/java/com/shatteredpixel/shatteredpixeldungeon/levels/rooms/standard/entrance/StatuesEntranceRoom.java	af55fc89f847b871fc3e50ce35c54cdc8213df1408aad85cc4b1e9dff9120149	unported	-
core/src/main/java/com/shatteredpixel/shatteredpixeldungeon/levels/rooms/standard/entrance/WaterBridgeEntranceRoom.java	dc40e164cc2ad2cc7dd2d631504c06af85b211c068e0b4b418e5167877ecf21e	unported	-
core/src/main/java/com/shatteredpixel/shatteredpixeldungeon/levels/rooms/standard/exit/CaveExitRoom.java	9f694d0cad44358a92fdefa652ad3e138268c5fcd013e22cf69476e65a08ea2e	unported	-
core/src/main/java/com/shatteredpixel/shatteredpixeldungeon/levels/rooms/standard/exit/CavesFissureExitRoom.java	8e151604dc943580aa64f2febf4b85c8ab3b1971c31643f53022c2647c95e591	unported	-
core/src/main/java/com/shatteredpixel/shatteredpixeldungeon/levels/rooms/standard/exit/CellBlockExitRoom.java	c353dfd2ccb9d0a8d286380c10b79881e9cc71c5c4a50728cdabbdc53d6c75e8	unported	-
core/src/main/java/com/shatteredpixel/shatteredpixeldungeon/levels/rooms/standard/exit/ChasmBridgeExitRoom.java	d8ed0509f8a1d59a7744569f9273516f2be952822806e6aedd95b40dd9b869f2	unported	-
core/src/main/java/com/shatteredpixel/shatteredpixeldungeon/levels/rooms/standard/exit/ChasmExitRoom.java	a7cb88a0c4ee008fec91ce44474befcf9e09174ea97108b6997df50a119c4a95	unported	-
core/src/main/java/com/shatteredpixel/shatteredpixeldungeon/levels/rooms/standard/exit/CircleBasinExitRoom.java	a71a3e3492a286ddc841b4d9e916034f5d597e2023a9ce06587c19878a3b964e	unported	-
core/src/main/java/com/shatteredpixel/shatteredpixeldungeon/levels/rooms/standard/exit/CircleWallEntranceRoom.java	8ac8031c29b2b4bd98f74d18fa57cf620e8b3d00396f4f79544be3ad9b62de34	unported	-
core/src/main/java/com/shatteredpixel/shatteredpixeldungeon/levels/rooms/standard/exit/CircleWallExitRoom.java	7b8a402aaceed7c586d5723944acebcbce83282bbb7298e79e86592ad76b41f9	unported	-
core/src/main/java/com/shatteredpixel/shatteredpixeldungeon/levels/rooms/standard/exit/ExitRoom.java	e0d9123b802b911db08ba8751b446e90f9509b7969b45237070a5ca9c1b2007a	unported	-
core/src/main/java/com/shatteredpixel/shatteredpixeldungeon/levels/rooms/standard/exit/HallwayExitRoom.java	ad5abfb7b7c5819ace631cfd5471c8146c38adaafaa12359276b1c718ed4209c	unported	-
core/src/main/java/com/shatteredpixel/shatteredpixeldungeon/levels/rooms/standard/exit/LibraryHallExitRoom.java	609c3e09281ff588abc6f9042b272836530a15bba3ccc0f8a2b3299976735928	unported	-
core/src/main/java/com/shatteredpixel/shatteredpixeldungeon/levels/rooms/standard/exit/LibraryRingExitRoom.java	e5dbbad2c412169145516a4135c790e7b7719f17aa1702640c1f720b92dd625a	unported	-
core/src/main/java/com/shatteredpixel/shatteredpixeldungeon/levels/rooms/standard/exit/PillarsExitRoom.java	76978b3dca768ecb1302f6f8d0aa4fba769a758e8669d68db7ea5de08fb38a7d	unported	-
core/src/main/java/com/shatteredpixel/shatteredpixeldungeon/levels/rooms/standard/exit/RegionDecoBridgeExitRoom.java	91a878954d8b3a4dd7a459dedb365ba6379941f73adf05b0421fa11fa58992de	unported	-
core/src/main/java/com/shatteredpixel/shatteredpixeldungeon/levels/rooms/standard/exit/RegionDecoLineExitRoom.java	5cfbdc82f69ad79b39364e11db0a81a5c69c6f6bdf07b491976febfb767c345b	unported	-
core/src/main/java/com/shatteredpixel/shatteredpixeldungeon/levels/rooms/standard/exit/RegionDecoPatchExitRoom.java	153673069c0b3fb5a1cde21da2ee678ec36c9f74298ae8545a7f650728d2737e	unported	-
core/src/main/java/com/shatteredpixel/shatteredpixeldungeon/levels/rooms/standard/exit/RingExitRoom.java	d38ba12f255462b189d48b2168181d0e2e34384bc25b5148c91c51b2ce6a5d10	unported	-
core/src/main/java/com/shatteredpixel/shatteredpixeldungeon/levels/rooms/standard/exit/RitualExitRoom.java	cd7f498e7b00112e2a166b27089b5a887d9b5f20fbcb52df0edd4a9b900b9a86	unported	-
core/src/main/java/com/shatteredpixel/shatteredpixeldungeon/levels/rooms/standard/exit/RuinsExitRoom.java	2e43c8df0e6a48c4fed28ad49c2bbd864737b36f6da73a28eef69dd436879842	unported	-
core/src/main/java/com/shatteredpixel/shatteredpixeldungeon/levels/rooms/standard/exit/StatueLineExitRoom.java	6df1182af55bf4295ad5f33d695db62f4dc137b567b96a48f6e95aaa6f8017b2	unported	-
core/src/main/java/com/shatteredpixel/shatteredpixeldungeon/levels/rooms/standard/exit/StatuesExitRoom.java	e4eef159a7a22bf5ac3640c5b2e3843d4ce721cfae040a2ab30b097ce46170eb	unported	-
core/src/main/java/com/shatteredpixel/shatteredpixeldungeon/levels/rooms/standard/exit/WaterBridgeExitRoom.java	53fe936c94f6b80391a03fd971c098d10b2561c23ed28cd4eedbadbfadea0f9a	unported	-
core/src/main/java/com/shatteredpixel/shatteredpixeldungeon/levels/traps/AlarmTrap.java	6449b100f2be156eff8e96023959b4fa4587bf5367789bac386f005dd87cc0d6	unported	-
core/src/main/java/com/shatteredpixel/shatteredpixeldungeon/levels/traps/BlazingTrap.java	63cfdd510c8e1d47cbc2e092000957bfa4be98a3c150746352e687970643a384	unported	-
core/src/main/java/com/shatteredpixel/shatteredpixeldungeon/levels/traps/BurningTrap.java	82ee52061e9db5638c9264d3665e4c6be392f2d0431e69017de807d5c9e66dbf	unported	-
core/src/main/java/com/shatteredpixel/shatteredpixeldungeon/levels/traps/ChillingTrap.java	1b441ee912feaa881aeb0926ed367b0b9829b78b9d7a856711dea2f15d0a4abf	unported	-
core/src/main/java/com/shatteredpixel/shatteredpixeldungeon/levels/traps/ConfusionTrap.java	f870654572acdab612781624532adb8d878909bd28d26285c1d012b4ae405cc7	unported	-
core/src/main/java/com/shatteredpixel/shatteredpixeldungeon/levels/traps/CorrosionTrap.java	3e319001afac712bafd476677b1569a8c10e314f67d294a35fa4b37a057b4620	unported	-
core/src/main/java/com/shatteredpixel/shatteredpixeldungeon/levels/traps/CursingTrap.java	9d92f09ac74ae0b3938f1eae33eba58b50bb9a849afefa4c2346187835d861e3	unported	-
core/src/main/java/com/shatteredpixel/shatteredpixeldungeon/levels/traps/DisarmingTrap.java	4730b07ac65da6a4f0a1e2c70f5f449514722ec705bd2f8ad8d55c7eb02caad1	unported	-
core/src/main/java/com/shatteredpixel/shatteredpixeldungeon/levels/traps/DisintegrationTrap.java	a421ce811e82ad4a2a45c6b90d28518467361b0bc270affc71bca1ecea21d40a	unported	-
core/src/main/java/com/shatteredpixel/shatteredpixeldungeon/levels/traps/DistortionTrap.java	5cfc3587134a432bc3ffba354912131d7ae8ce5fda10afb3ab0130e0e979fad1	unported	-
core/src/main/java/com/shatteredpixel/shatteredpixeldungeon/levels/traps/ExplosiveTrap.java	530add4c5c07b7d12bceac794b8f09e64d95991ccfd37e7af614ee67cb292aff	unported	-
core/src/main/java/com/shatteredpixel/shatteredpixeldungeon/levels/traps/FlashingTrap.java	e38a56408f9c51f4dadc3f993d85fa1e6da843aae13618d531f8c095775d8d41	unported	-
core/src/main/java/com/shatteredpixel/shatteredpixeldungeon/levels/traps/FlockTrap.java	c9db3f8b95bf94dd004dc93607ab6c716390f5cd0c45d83755de1486ea1722d4	unported	-
core/src/main/java/com/shatteredpixel/shatteredpixeldungeon/levels/traps/FrostTrap.java	fff2265e50068ac862c9f92c1cd45de7dfe534693b2520f00bf0dcc3eca7f8de	unported	-
core/src/main/java/com/shatteredpixel/shatteredpixeldungeon/levels/traps/GatewayTrap.java	c2cf6ab90e4afc022da6d69b8f2c0e48316accadfb64cd1662e1c45856d8e1c3	unported	-
core/src/main/java/com/shatteredpixel/shatteredpixeldungeon/levels/traps/GeyserTrap.java	f669485490fde27ea0787c6116dcd14fad76d802e50273d0eb7e7507ed43825d	unported	-
core/src/main/java/com/shatteredpixel/shatteredpixeldungeon/levels/traps/GnollRockfallTrap.java	473cc3910615f766b34d844b62cdd6c2649f5ec877508b9ecae9d8c5618946ba	unported	-
core/src/main/java/com/shatteredpixel/shatteredpixeldungeon/levels/traps/GrimTrap.java	279de07fca70acf549e78bf8156df666fed68f21e9f4ed9c835c2d0a7ab263c0	unported	-
core/src/main/java/com/shatteredpixel/shatteredpixeldungeon/levels/traps/GrippingTrap.java	539ac8f5f09522613a83168f1e24170a583952c992e82551f55f4b01426452b3	unported	-
core/src/main/java/com/shatteredpixel/shatteredpixeldungeon/levels/traps/GuardianTrap.java	8b482087a0e238c41e94c40ed18308bfc3c327f44547eaa7327d7860f23c5b45	unported	-
core/src/main/java/com/shatteredpixel/shatteredpixeldungeon/levels/traps/OozeTrap.java	ce5d2f7e340d7f152331dd3f046e4dbf76b1c9b2282650e2da567cf7a7688963	unported	-
core/src/main/java/com/shatteredpixel/shatteredpixeldungeon/levels/traps/PitfallTrap.java	83c908d9d5d7bbd87f7efb42aef631736acbf7979931bcfdda7b7a18ad31c1df	unported	-
core/src/main/java/com/shatteredpixel/shatteredpixeldungeon/levels/traps/PoisonDartTrap.java	e0c6df2020267dedd6633f7cc818cfdeacd9ac5c5487fd15a11a5f7c3a476f36	unported	-
core/src/main/java/com/shatteredpixel/shatteredpixeldungeon/levels/traps/RockfallTrap.java	6e0d2b0ef19afa7a38eee2c2bea053e097af1cc4be4a81a91c5cbde4a8ccb5f6	unported	-
core/src/main/java/com/shatteredpixel/shatteredpixeldungeon/levels/traps/ShockingTrap.java	07eee698c5575694349699bafa351ec8afe383cfb80c477bcc980ab6b3e1bfd2	unported	-
core/src/main/java/com/shatteredpixel/shatteredpixeldungeon/levels/traps/StormTrap.java	8f14c2a5fe315f8c6ea87fee3b8bb19ceaab4d3bec906c0bab63c6b1cc4d846a	unported	-
core/src/main/java/com/shatteredpixel/shatteredpixeldungeon/levels/traps/SummoningTrap.java	3c4d4aab500bf2062fe534047da11e43581280fbd716e584e966038ac1abbb05	unported	-
core/src/main/java/com/shatteredpixel/shatteredpixeldungeon/levels/traps/TeleportationTrap.java	9d9ca5766ae2ad5b7d042aab9ecaa9ad4a71de3a40cc44be3f934c3c840ac60e	unported	-
core/src/main/java/com/shatteredpixel/shatteredpixeldungeon/levels/traps/TenguDartTrap.java	179d1eabd7f0e8e252541e8c42e78d1a6cb7afa41b9e73875a6f1eb952981f1b	unported	-
core/src/main/java/com/shatteredpixel/shatteredpixeldungeon/levels/traps/ToxicTrap.java	342a334413a96c81547f7ee82a1a5a3786f148757cc455fdbbfc1ea95480ad80	unported	-
core/src/main/java/com/shatteredpixel/shatteredpixeldungeon/levels/traps/Trap.java	b8c2834c6bdd24549382eaa6eadc2e11d0a83b95f60762ed8ada262247f000db	unported	-
core/src/main/java/com/shatteredpixel/shatteredpixeldungeon/levels/traps/WarpingTrap.java	bd083c914a635e503fa5770a4f468756f81195a158b16dc1be3532ce18a3eb67	unported	-
core/src/main/java/com/shatteredpixel/shatteredpixeldungeon/levels/traps/WeakeningTrap.java	625180e5ca09dc126a6a7c75c4cc1373cb15981bac48d14068afe29461b4ae95	unported	-
core/src/main/java/com/shatteredpixel/shatteredpixeldungeon/levels/traps/WornDartTrap.java	ec980df816d7c3d677a9bf3eea8a7ce56a94a206cace445c33ef55065ce1a909	unported	-
core/src/main/java/com/shatteredpixel/shatteredpixeldungeon/mechanics/Ballistica.java	3cce12645f1bf662481887df0fca19f0d68130741ff58a66557995ba3a359427	unported	-
core/src/main/java/com/shatteredpixel/shatteredpixeldungeon/mechanics/ConeAOE.java	e5da93ddb3c656e19cd8baee2d2e5366f40f9217546bc351e4734c7338ce29e6	unported	-
core/src/main/java/com/shatteredpixel/shatteredpixeldungeon/mechanics/ShadowCaster.java	adf2d91495ffd61aaa749ee9996f01ab063e1bcf853bc17b0b1b179a45f2db2e	partial	spd_shadowcaster.gd
core/src/main/java/com/shatteredpixel/shatteredpixeldungeon/messages/Languages.java	cb5ca8b493ed321f8ba92c0b2f6a3f989f35805ae31020e39f45d1e2b9f5fdc5	unported	-
core/src/main/java/com/shatteredpixel/shatteredpixeldungeon/messages/Messages.java	d47b9414052095bf342a5bc46a24cc012499f130004f9f7ec166604287104183	unported	-
core/src/main/java/com/shatteredpixel/shatteredpixeldungeon/plants/BlandfruitBush.java	2c0a83272f370ae5190805d91076df00018751e8b66cefb9c11680b3aa5fa9ee	unported	-
core/src/main/java/com/shatteredpixel/shatteredpixeldungeon/plants/Blindweed.java	e2aa7378bce125ca1640e921c0031b8057b59e61d2e735e210eb1ce70a3b70d7	unported	-
core/src/main/java/com/shatteredpixel/shatteredpixeldungeon/plants/Earthroot.java	20e3cfbd273e921a7b1a3bb19158d9c379191d85bd067a181f72bafd8264887b	unported	-
core/src/main/java/com/shatteredpixel/shatteredpixeldungeon/plants/Fadeleaf.java	8f13def41cc5bc478f74e871041b13e682ebd895cedc0b3908153979dcacc018	unported	-
core/src/main/java/com/shatteredpixel/shatteredpixeldungeon/plants/Firebloom.java	79fbaf02becd5dc5b1b53bfe914bb1f901ed34a8bf3342614ecee98f970f1884	unported	-
core/src/main/java/com/shatteredpixel/shatteredpixeldungeon/plants/Icecap.java	497f0ef15f9e5bfaa81800372e57c070ed4faff9820c7d01a14c2ec526d12663	unported	-
core/src/main/java/com/shatteredpixel/shatteredpixeldungeon/plants/Mageroyal.java	da803654823df72818fd85ce1bc1f6def634ae6093e69572cbf5c66a14100623	unported	-
core/src/main/java/com/shatteredpixel/shatteredpixeldungeon/plants/Plant.java	e9876090a0f1883d4032ea614f6bedab5bca49487a32f48f2ecb9f4384f284e7	unported	-
core/src/main/java/com/shatteredpixel/shatteredpixeldungeon/plants/Rotberry.java	c1e47fad49bfd8b6b48433b8b58c678e5a7c805293aaa296527aacf45cd0d7d7	unported	-
core/src/main/java/com/shatteredpixel/shatteredpixeldungeon/plants/Sorrowmoss.java	40153623fd3332103a47422d7023875e07e043a3e3d7923fc62c869fd96ffd54	unported	-
core/src/main/java/com/shatteredpixel/shatteredpixeldungeon/plants/Starflower.java	05fc1ca57f60b7a0388bf82a025836cdb7f50c27a22be30e042bbcb379cb4c1b	unported	-
core/src/main/java/com/shatteredpixel/shatteredpixeldungeon/plants/Stormvine.java	52f1742354e1ad2614f8410fd20a782c8a788de1ae2083b2b09641fdc38495a1	unported	-
core/src/main/java/com/shatteredpixel/shatteredpixeldungeon/plants/Sungrass.java	68727c771d7705fbcbf7bd6781d4375c6ae490d8bc88603a68a35f7283b00eab	unported	-
core/src/main/java/com/shatteredpixel/shatteredpixeldungeon/plants/Swiftthistle.java	174f38d3159b3e03d84f2d1c3fcd1aabcac8cdc43bedc2d6dc24b5d580b38c7d	unported	-
core/src/main/java/com/shatteredpixel/shatteredpixeldungeon/scenes/AboutScene.java	b01f14b1b57ee91c500219b1ad75f5dd547f35de9cf91094c319bd7c673d35bb	unported	-
core/src/main/java/com/shatteredpixel/shatteredpixeldungeon/scenes/AlchemyScene.java	480f3e0d82f09e40c75d8d2ec989658bde7d40480af46942b462f8313456c66e	unported	-
core/src/main/java/com/shatteredpixel/shatteredpixeldungeon/scenes/AmuletScene.java	2c0e5c4cf4c855f5e6f5130e30d3b19cd756b69c826e3ea55f8c9fa51f17251a	unported	-
core/src/main/java/com/shatteredpixel/shatteredpixeldungeon/scenes/CellSelector.java	6a127adf3b54e9e6d55fc3cfbf4cb322cf16275218abbc870ab90cea225c349c	unported	-
core/src/main/java/com/shatteredpixel/shatteredpixeldungeon/scenes/ChangesScene.java	9b8376cbcea483a2c88e05d80a2b98c60dfa9cebc6830e09cde73e6e17342eec	unported	-
core/src/main/java/com/shatteredpixel/shatteredpixeldungeon/scenes/GameScene.java	75fe857782392e49a9c3068ce2fc87aa1c343033e42b4d687291536e32a62fbb	unported	-
core/src/main/java/com/shatteredpixel/shatteredpixeldungeon/scenes/HeroSelectScene.java	530c2e718e40cc5ac7dddc76aadec76be718b19b9cafeb76a8f6acb396abdd81	unported	-
core/src/main/java/com/shatteredpixel/shatteredpixeldungeon/scenes/InterlevelScene.java	44aba09bccf2c314d7e5e2fdb8f77d9752a22b0805f21f5badc10a9b44fb042d	unported	-
core/src/main/java/com/shatteredpixel/shatteredpixeldungeon/scenes/JournalScene.java	49e5fa923fbef15ce065a739f2ddeeb738ad0c3ecc4aa07f40f546a548a29b92	unported	-
core/src/main/java/com/shatteredpixel/shatteredpixeldungeon/scenes/NewsScene.java	50a6707e0046791d26628dbcdf901e550026fd2985a9a684c46aa5a6cc48e292	unported	-
core/src/main/java/com/shatteredpixel/shatteredpixeldungeon/scenes/PixelScene.java	1252f358e2c8b97fe80e6cf03677eb25f8b3bfc116872f94b3afd59237c07bc6	unported	-
core/src/main/java/com/shatteredpixel/shatteredpixeldungeon/scenes/RankingsScene.java	75a6a66b89c786be5a0cea1574d3ee0e30a4f11d80a53d284a96818707d24669	unported	-
core/src/main/java/com/shatteredpixel/shatteredpixeldungeon/scenes/StartScene.java	8c265091bdcde320d04bee2b94a3922c6f8201c1952d12fd446f328f4d477ba5	unported	-
core/src/main/java/com/shatteredpixel/shatteredpixeldungeon/scenes/SupporterScene.java	8c4b7f19e5d74d0625562adb8fcdaf45401ac283e998de9b86c987d8300fbb16	unported	-
core/src/main/java/com/shatteredpixel/shatteredpixeldungeon/scenes/SurfaceScene.java	f7c678fe8298106759bdb261371cc37811513ec2e6d047f834cf4835e0f3620c	unported	-
core/src/main/java/com/shatteredpixel/shatteredpixeldungeon/scenes/TitleScene.java	8c9c219fc74fb9fed0bbd9d2d6fb5e09c6269e6b4e94c2b6d3425886090769c7	unported	-
core/src/main/java/com/shatteredpixel/shatteredpixeldungeon/scenes/WelcomeScene.java	1f8ba96aea00aa0d138f3e321b57ab4cc69bcfabf28315468ce063581286eba7	unported	-
core/src/main/java/com/shatteredpixel/shatteredpixeldungeon/services/news/News.java	ee040b2c6c51e2f3bd55639745e9a8366ed8fe78b20a12074122b2ae03377363	unported	-
core/src/main/java/com/shatteredpixel/shatteredpixeldungeon/services/updates/Updates.java	b78ce0e88981015990a06dd25e0f490ac3ce8cf086d404c41b0a2920849abcd6	unported	-
core/src/main/java/com/shatteredpixel/shatteredpixeldungeon/sprites/AcidicSprite.java	64d43a65377a3ca8d77880c358a9fd65df5e9e5c987549c228e94b219ad1fec2	unported	-
core/src/main/java/com/shatteredpixel/shatteredpixeldungeon/sprites/AlbinoSprite.java	7d5f74aeffb914ca3058f5e115b3dfdbac0ba98ccc73175cc0a42be17e873ce8	unported	-
core/src/main/java/com/shatteredpixel/shatteredpixeldungeon/sprites/BanditSprite.java	775d74d3cf30b4aaecd4b178925833d3307a23200f9a2e3df05a0a3a109934ef	unported	-
core/src/main/java/com/shatteredpixel/shatteredpixeldungeon/sprites/BatSprite.java	e35a281a598f7ee4395da2242f70468ff466aee7ad2663645402dae7172f3559	unported	-
core/src/main/java/com/shatteredpixel/shatteredpixeldungeon/sprites/BeeSprite.java	84ca0e96f69dcbbc0e1a387a637076977535b902fa4985cabd50f6902b8f1bd9	unported	-
core/src/main/java/com/shatteredpixel/shatteredpixeldungeon/sprites/BlacksmithSprite.java	f32d010d5e6683c2f2ed505c86a83b481b14e74eb7af0aba4ce6ff8fdc556d72	unported	-
core/src/main/java/com/shatteredpixel/shatteredpixeldungeon/sprites/BruteSprite.java	56ed43ccbfb4394bbf97551f437a4f4266cd4a576312019f63d4e1f9df07b52b	unported	-
core/src/main/java/com/shatteredpixel/shatteredpixeldungeon/sprites/CausticSlimeSprite.java	a9b084e2e1eb0fec7137a98f5d885b4ea94ab2162c6db4d1b5f5fa7a3dd47145	unported	-
core/src/main/java/com/shatteredpixel/shatteredpixeldungeon/sprites/CharSprite.java	50b7a7ca16f0048d51bd5ef4018d1b622b31f3e2453fb676200cf16bc749ef91	unported	-
core/src/main/java/com/shatteredpixel/shatteredpixeldungeon/sprites/CrabSprite.java	9d82ac05cec04f127392bd76049e8371986539cb51e89145eb85caa87e0bbb8d	unported	-
core/src/main/java/com/shatteredpixel/shatteredpixeldungeon/sprites/CrystalGuardianSprite.java	3eec926aeaeca27bba1fdf50de574869bf5ca2cfe35ce2b661a5011d512410f1	unported	-
core/src/main/java/com/shatteredpixel/shatteredpixeldungeon/sprites/CrystalSpireSprite.java	22469c43e75407d2bcedb5f3dd4df3d959e1bd35b1090530955f24e59656a4ee	unported	-
core/src/main/java/com/shatteredpixel/shatteredpixeldungeon/sprites/CrystalWispSprite.java	dee08b692ab5e8c571b7261c05fdd25ab1b82343f9d40f4cd76fb30880b14551	unported	-
core/src/main/java/com/shatteredpixel/shatteredpixeldungeon/sprites/DM100Sprite.java	d724ffedece712df107c37c3bb3b829ce1064bf0e1f6915ce9a5031b8de87948	unported	-
core/src/main/java/com/shatteredpixel/shatteredpixeldungeon/sprites/DM200Sprite.java	9b321520327d0c7bb4a5070dafce030c338e2552c3a0df9c5139c520c63a9714	unported	-
core/src/main/java/com/shatteredpixel/shatteredpixeldungeon/sprites/DM201Sprite.java	925756cb8add7bda51f320ecd7b8cc4ff5b5b0656ed38cdf253ef2fc116bf139	unported	-
core/src/main/java/com/shatteredpixel/shatteredpixeldungeon/sprites/DM300Sprite.java	56f852a8035f6d3211658f920cf8eb87b8b02ca264db7e64aa7b76fc0afadd45	unported	-
core/src/main/java/com/shatteredpixel/shatteredpixeldungeon/sprites/DiscardedItemSprite.java	d0b70305220cb80a05d648531834daff4ff4e0f71a34807b084e41dba08fe08a	unported	-
core/src/main/java/com/shatteredpixel/shatteredpixeldungeon/sprites/EarthGuardianSprite.java	93acbba83ad51ac452f8cb59a9cfdb44687cc201e4d59f96bb6ef9198cd18c62	unported	-
core/src/main/java/com/shatteredpixel/shatteredpixeldungeon/sprites/ElementalSprite.java	446a272da63c28205f4279e07128f339ba5c56db7a25888416af30da3a0a6301	unported	-
core/src/main/java/com/shatteredpixel/shatteredpixeldungeon/sprites/EyeSprite.java	6d3216e21853b87ce4016888c8239387efdfe99fb15853736303f71d4a6b87e8	unported	-
core/src/main/java/com/shatteredpixel/shatteredpixeldungeon/sprites/FetidRatSprite.java	02eb47c1c4cc570f0e0475b675d42c3aaaedc3a42f24249ed068ba4c2ba06165	unported	-
core/src/main/java/com/shatteredpixel/shatteredpixeldungeon/sprites/FistSprite.java	e7dbf5455ee13285ffe55a5a299cd35769981fed982e5fc97d22289d77362ebd	unported	-
core/src/main/java/com/shatteredpixel/shatteredpixeldungeon/sprites/FungalCoreSprite.java	63ed80ea0439ea5d8ec928f5d464cb990d6185f0f0436333d074430071a512e2	unported	-
core/src/main/java/com/shatteredpixel/shatteredpixeldungeon/sprites/FungalSentrySprite.java	672b00c31306b2f0b393637d4681aba35bdbd5f07775dd34ea65679d52c799b0	unported	-
core/src/main/java/com/shatteredpixel/shatteredpixeldungeon/sprites/FungalSpinnerSprite.java	95cc9a93e38d9a94b4f313b30a606cd5a4967c6d812faacc4088e82a2eac7f95	unported	-
core/src/main/java/com/shatteredpixel/shatteredpixeldungeon/sprites/GhostSprite.java	33bc9f4d4ae72b9b85a6de8b7b889f2f3d5290b3c8523bf3a4474f35199d0882	unported	-
core/src/main/java/com/shatteredpixel/shatteredpixeldungeon/sprites/GhoulSprite.java	d2a3d628a2e63cf500a962bb44e7a528470b31cf2a090f0d21739acc4188cf82	unported	-
core/src/main/java/com/shatteredpixel/shatteredpixeldungeon/sprites/GnollExileSprite.java	bdcc9762e1f47b3af37a10bc955f3ac7c180d153a3bd8ba24c04417cb3229a30	unported	-
core/src/main/java/com/shatteredpixel/shatteredpixeldungeon/sprites/GnollGeomancerSprite.java	7f3f190f55e9167d8440089a27dcd9c2b1af3cc29478091635a3e8d676788e40	unported	-
core/src/main/java/com/shatteredpixel/shatteredpixeldungeon/sprites/GnollGuardSprite.java	04e875e77b57ec242ea3ac5dd7fcbf552f2424faf9878a1819fac914f018cc08	unported	-
core/src/main/java/com/shatteredpixel/shatteredpixeldungeon/sprites/GnollSapperSprite.java	19be73760e459524bdde21e3b42008adf84c927c20da177f93bbc245f4347769	unported	-
core/src/main/java/com/shatteredpixel/shatteredpixeldungeon/sprites/GnollSprite.java	df7aea94a5adff9b609b6397b1be98c8e123ff480772c3d3793919cc10852446	unported	-
core/src/main/java/com/shatteredpixel/shatteredpixeldungeon/sprites/GnollTricksterSprite.java	d1dbf6c38a2c10c3c09873b54767fabe1c76a9535bc05b787067dffa22d28ad9	unported	-
core/src/main/java/com/shatteredpixel/shatteredpixeldungeon/sprites/GolemSprite.java	8849bc039d694fb2bd2d497e76dc884615f522e93be078a4a1ddde2ee0be3e62	unported	-
core/src/main/java/com/shatteredpixel/shatteredpixeldungeon/sprites/GooSprite.java	9764d4931059a5fa76829c84dfe24b115a0793dbc52fcac3c13ff06662c723d7	unported	-
core/src/main/java/com/shatteredpixel/shatteredpixeldungeon/sprites/GreatCrabSprite.java	1ffddf0ed6708b6651510a4003d1ef2992b2f0f9cad667e867cd1b893f46e7ab	unported	-
core/src/main/java/com/shatteredpixel/shatteredpixeldungeon/sprites/GuardSprite.java	e5932091ba1dce1984da902971ee81e80b2c568ae9c403cba6d8fb38c5b5b87e	unported	-
core/src/main/java/com/shatteredpixel/shatteredpixeldungeon/sprites/HermitCrabSprite.java	86e1a237d1b71b0327163fca833cdc03ced42693563aa3ec1c872681d82fbdfd	unported	-
core/src/main/java/com/shatteredpixel/shatteredpixeldungeon/sprites/HeroSprite.java	326083a1fb4881809ebfc5f3ea5643b04d2e4d5b4235a5307cc92254666bb0d2	unported	-
core/src/main/java/com/shatteredpixel/shatteredpixeldungeon/sprites/ImpSprite.java	fd811e735e5c1648914c9a0893b0785140a3ec84b4006d95781457a860113261	unported	-
core/src/main/java/com/shatteredpixel/shatteredpixeldungeon/sprites/ItemSprite.java	2141e73ec11072eb06677e1fdc5e05f4f7e0c9a47bb0c6bd8d5b0c09a7cfb567	unported	-
core/src/main/java/com/shatteredpixel/shatteredpixeldungeon/sprites/ItemSpriteSheet.java	0a84adb6561b6ede7ec8e74787d4c4f9cfac029448111a1e8a206734cb2cf755	unported	-
core/src/main/java/com/shatteredpixel/shatteredpixeldungeon/sprites/KingSprite.java	6e936a4b452d09b4a1269d630e77f8bb450fe0d673da556e40bcb29bf909cd9a	unported	-
core/src/main/java/com/shatteredpixel/shatteredpixeldungeon/sprites/LarvaSprite.java	3dc2b289838ac727a98c33eb01f8ba998f3abc96a9c4b107a432c078d0997673	unported	-
core/src/main/java/com/shatteredpixel/shatteredpixeldungeon/sprites/LotusSprite.java	63bb26e5f169d367d0638e9dab861222504364302b52af4370ed87fa21e524fb	unported	-
core/src/main/java/com/shatteredpixel/shatteredpixeldungeon/sprites/MimicSprite.java	8534d9c2d1394c5b5a5b3d8735dc336865a8afead0f81c4b160c349734587fd0	unported	-
core/src/main/java/com/shatteredpixel/shatteredpixeldungeon/sprites/MirrorSprite.java	536fdc0b989b102143ecd91486c61bf773394f28f32cd5ba32ab94f99b543bac	unported	-
core/src/main/java/com/shatteredpixel/shatteredpixeldungeon/sprites/MissileSprite.java	0fa96365d0b4db429386923b43050f29f73f571e865534b57bfcaa3b76c35164	unported	-
core/src/main/java/com/shatteredpixel/shatteredpixeldungeon/sprites/MobSprite.java	b731fb96d1c908855d09bd4b1a10c336cd6c18ad194efeb3b5b78f641c80dfd0	unported	-
core/src/main/java/com/shatteredpixel/shatteredpixeldungeon/sprites/MonkSprite.java	d0e2b9660fdf8a2c357555a7f82a267063fe91c4a662e26c589d860267de03dd	unported	-
core/src/main/java/com/shatteredpixel/shatteredpixeldungeon/sprites/NecromancerSprite.java	bcb88e1df5d3495fadfad6e0772ce232945b63bebf7947d0144da82e51778aa7	unported	-
core/src/main/java/com/shatteredpixel/shatteredpixeldungeon/sprites/NewbornElementalSprite.java	56a252e52d847970a072862cc27ef65d81604a6b3d3a9e0b438c75eed9533087	unported	-
core/src/main/java/com/shatteredpixel/shatteredpixeldungeon/sprites/PhantomPiranhaSprite.java	146c7981e9b811a5a898b0437d0a534d6b00bf30f59d81d052143d481f5b7d85	unported	-
core/src/main/java/com/shatteredpixel/shatteredpixeldungeon/sprites/PiranhaSprite.java	543daa1e04f311ee5a3764776cc3afb862040353067e1c35c409c27b92498b93	unported	-
core/src/main/java/com/shatteredpixel/shatteredpixeldungeon/sprites/PrismaticSprite.java	915dcf76dbe5bd487bd66a71df1b39e59fc6d82ef532fbb171dd4cf5196add23	unported	-
core/src/main/java/com/shatteredpixel/shatteredpixeldungeon/sprites/PylonSprite.java	0e8932953e6256161e976ceaebdf11c3f496b19d8c075a9fc21a1aabdfd5ba20	unported	-
core/src/main/java/com/shatteredpixel/shatteredpixeldungeon/sprites/RatKingSprite.java	23bcd2b5387e6ac964c90cfd0b402a3a009d88daeaab0db69ec7661ba39792a0	unported	-
core/src/main/java/com/shatteredpixel/shatteredpixeldungeon/sprites/RatSprite.java	0621ab75e16cbd96050aeb38ff6081d1deb3b7d85a1443bf19742e41d229c759	unported	-
core/src/main/java/com/shatteredpixel/shatteredpixeldungeon/sprites/RipperSprite.java	31d5db963561bcb50410b2ec76043d091e9f07ab4ce702d12f1826f3e5b256f7	unported	-
core/src/main/java/com/shatteredpixel/shatteredpixeldungeon/sprites/RotHeartSprite.java	7330cac6498f83703398a1ac8278d521ff34a54d455781f87b4c54bb5c60ce23	unported	-
core/src/main/java/com/shatteredpixel/shatteredpixeldungeon/sprites/RotLasherSprite.java	f3f3996191ba8011f1b3abb4f633d4ab95817c4e9440330b0aeac2cb06dd5466	unported	-
core/src/main/java/com/shatteredpixel/shatteredpixeldungeon/sprites/ScorpioSprite.java	e23a527d3804f53eef9d20840df55954077d36e65073f9e4f3445d1cad514b5a	unported	-
core/src/main/java/com/shatteredpixel/shatteredpixeldungeon/sprites/SeniorSprite.java	21ec42d8a39e3c045a02d3fff09f2f6de0c0c4b764699a9e0dc2509dfaf61c2d	unported	-
core/src/main/java/com/shatteredpixel/shatteredpixeldungeon/sprites/SentrySprite.java	48b3a3d03476fb3a303fe6e6f3fae13186ed287a1fea2e602b983622ab3cac05	unported	-
core/src/main/java/com/shatteredpixel/shatteredpixeldungeon/sprites/ShamanSprite.java	26a3c6e8bc06fa961a06d35eb191e46d8591bddb82297fd17e18a16362820b95	unported	-
core/src/main/java/com/shatteredpixel/shatteredpixeldungeon/sprites/SheepSprite.java	6c90361f82405ff757c0cbda024a5509a0b3eedfde45f0daad10949367ff9b09	unported	-
core/src/main/java/com/shatteredpixel/shatteredpixeldungeon/sprites/ShieldedSprite.java	579b69b30ee6cc9d880e7b2233a6831918e1759bfaa05a89e3d88e150422a338	unported	-
core/src/main/java/com/shatteredpixel/shatteredpixeldungeon/sprites/ShopkeeperSprite.java	19d74782e49ec349edc10739b98b93a750d38c2df9c543a8031577b992d75262	unported	-
core/src/main/java/com/shatteredpixel/shatteredpixeldungeon/sprites/SkeletonSprite.java	7e6d4b360c612bfb0de3d16805a0fcee482e3d06299039c03f2705a620a7a462	unported	-
core/src/main/java/com/shatteredpixel/shatteredpixeldungeon/sprites/SlimeSprite.java	a182bc22df509c445ff1c9f9797c0ee43ac97cd1f6b861c9165a44568049abb3	unported	-
core/src/main/java/com/shatteredpixel/shatteredpixeldungeon/sprites/SnakeSprite.java	b53abcfc9f4efdf38c2039924f359d7ab1302302b5dd17b385d529c7310d09ab	unported	-
core/src/main/java/com/shatteredpixel/shatteredpixeldungeon/sprites/SpawnerSprite.java	70a92a3aa56e742e77bf9189add5a0c64f42e6e086126a92220135b07fa42b96	unported	-
core/src/main/java/com/shatteredpixel/shatteredpixeldungeon/sprites/SpectralNecromancerSprite.java	f63ac98e2af69ef45fc60ea8b58b851f9c72f6a78bc3418a7f097dc482f6406e	unported	-
core/src/main/java/com/shatteredpixel/shatteredpixeldungeon/sprites/SpinnerSprite.java	9a8e8c8364c2b43bbfb75c89a6496d135d0e597e8f19f855082174564a3f7978	unported	-
core/src/main/java/com/shatteredpixel/shatteredpixeldungeon/sprites/StatueSprite.java	076e84caaf75c0564fd1610fca1796abfa7258824b40d41ebf3084676ef7610a	unported	-
core/src/main/java/com/shatteredpixel/shatteredpixeldungeon/sprites/SuccubusSprite.java	e93aecf7300cdfbe6b6ae082c0d22f54bb917509a16751b468023a6b34630eaa	unported	-
core/src/main/java/com/shatteredpixel/shatteredpixeldungeon/sprites/SwarmSprite.java	b99c1b24922ac765e33d77d74d59c3d711a5a6a5ef8fe9b37bca737b200d0123	unported	-
core/src/main/java/com/shatteredpixel/shatteredpixeldungeon/sprites/TenguSprite.java	2d4a38404c4a9182938a6c5b235f284dca3bc539e4f97f9c4955e2d5b2acfb57	unported	-
core/src/main/java/com/shatteredpixel/shatteredpixeldungeon/sprites/ThiefSprite.java	ef437848ceaf732e4181fecf533fea450af97f9b7668575e28aff58177865523	unported	-
core/src/main/java/com/shatteredpixel/shatteredpixeldungeon/sprites/TormentedSpiritSprite.java	50ca2faaff6a9601338dcbb17450c98e340e3a2dd6e35b4f7fc56c52b64c6d2a	unported	-
core/src/main/java/com/shatteredpixel/shatteredpixeldungeon/sprites/UndeadSprite.java	493bbeb44ec234e750df172874fb3213ad2bdf0fc0136f4fa191384add984051	unported	-
core/src/main/java/com/shatteredpixel/shatteredpixeldungeon/sprites/VaultBossElementalSprite.java	5f0a1c7cb3a4f215d880262af12bc72abc9c30143812020ffe1b548a6f71221c	unported	-
core/src/main/java/com/shatteredpixel/shatteredpixeldungeon/sprites/VaultMirrorSprite.java	fc4c2bf479f477c0f34c8bcdf1be947ad89eff7c0a157763fd7b902adf1542c4	unported	-
core/src/main/java/com/shatteredpixel/shatteredpixeldungeon/sprites/VaultTokenDoorSprite.java	5f39d7f45257843412692fb678528fb11628f5a28de664f822be995c73fdc479	unported	-
core/src/main/java/com/shatteredpixel/shatteredpixeldungeon/sprites/WandmakerSprite.java	cb398f2677a4a5350a9bf38d88d7a4daa94905de12ca59d1505ed57d75ee6229	unported	-
core/src/main/java/com/shatteredpixel/shatteredpixeldungeon/sprites/WardSprite.java	635889f49b44d3daef9756783d74f5e1c49e44fb79e0d434c337bd569ed2932e	unported	-
core/src/main/java/com/shatteredpixel/shatteredpixeldungeon/sprites/WarlockSprite.java	2d0843315cf12e7ab7442917459c73691d83fa65c9ff1d0b666dc39cb30d1441	unported	-
core/src/main/java/com/shatteredpixel/shatteredpixeldungeon/sprites/WraithSprite.java	31f692edd64034ae9ad285e2852e51e58c3ddb6655c3aa18f1c27971d4c40388	unported	-
core/src/main/java/com/shatteredpixel/shatteredpixeldungeon/sprites/YogSprite.java	7975da35baabfd225054022415be2e70e0829ba053b45938a4ae22748cd2f588	unported	-
core/src/main/java/com/shatteredpixel/shatteredpixeldungeon/tiles/CustomTilemap.java	89665ff1cc7deb15b5e129617a4134a40a72416fcb5a687ef515945cf352ce45	unported	-
core/src/main/java/com/shatteredpixel/shatteredpixeldungeon/tiles/DungeonTerrainTilemap.java	130f9f6b80f927ab56dab1c754ea5cabf8cf2e6a3b1dddf269a140f668c6fe61	unported	-
core/src/main/java/com/shatteredpixel/shatteredpixeldungeon/tiles/DungeonTileSheet.java	78f6d7cf82a4443350900d707913cff0fa054780a3ab7aac2607e9b427932778	unported	-
core/src/main/java/com/shatteredpixel/shatteredpixeldungeon/tiles/DungeonTilemap.java	3a6c6f2b5863d5faa9ca8f3ad58ec4618720627a3e6e8e94a51b42fa56de85ae	unported	-
core/src/main/java/com/shatteredpixel/shatteredpixeldungeon/tiles/DungeonWallsTilemap.java	2829f82001f28f6877c03ac7df07e5764c98e060ec27f9e47f743b38fb2b29f2	unported	-
core/src/main/java/com/shatteredpixel/shatteredpixeldungeon/tiles/FogOfWar.java	4ceacee7b49012818851e5f41d56b16e644e5799f4e5718d3029b7d3fb7c46f8	unported	-
core/src/main/java/com/shatteredpixel/shatteredpixeldungeon/tiles/GridTileMap.java	8eacd6ef9305905c7823624265b4b13b60561697bd71fde22b2ac42700496767	unported	-
core/src/main/java/com/shatteredpixel/shatteredpixeldungeon/tiles/RaisedTerrainTilemap.java	9e04364c3cb16612511416a8073f35e29e1513c18e889b23f6d5456c2bfb3fce	unported	-
core/src/main/java/com/shatteredpixel/shatteredpixeldungeon/tiles/TerrainFeaturesTilemap.java	dde4238112e6d7afe9997003c28918242e0abe1b012bd909c02d18824325d8bd	unported	-
core/src/main/java/com/shatteredpixel/shatteredpixeldungeon/tiles/WallBlockingTilemap.java	e852647314fb231ee59a9c8784f3860b6efd3d1413248604f6fcc32327465632	unported	-
core/src/main/java/com/shatteredpixel/shatteredpixeldungeon/tiles/WallOcclusionTilemap.java	496d813aada67abfc714b0209d7a98662bc84065df04af8af948a6cbc3792781	unported	-
core/src/main/java/com/shatteredpixel/shatteredpixeldungeon/tiles/custom/Carpet.java	dc722a63eade00de3d7f911250dcd1a72ef5a8dbaa50bf35148b4e2ff069b958	unported	-
core/src/main/java/com/shatteredpixel/shatteredpixeldungeon/ui/ActionIndicator.java	39da61fa0b66121b8781eabc864e302727943f6bed75b9492be4ceb17a1af31c	unported	-
core/src/main/java/com/shatteredpixel/shatteredpixeldungeon/ui/Archs.java	cc0a23cccd85bd555011d98ec1f73cef31eb5c00876f9fcb3369ee79979d8135	unported	-
core/src/main/java/com/shatteredpixel/shatteredpixeldungeon/ui/AttackIndicator.java	414d929445c9459e1aebf0f7fa08280e985053452198f6e682f7f155edf263b7	unported	-
core/src/main/java/com/shatteredpixel/shatteredpixeldungeon/ui/BadgesGrid.java	ef7e9e5bbc18819b8a5f7e912f3f8081b8aba4c98dd14b942f41d2842f6e4206	unported	-
core/src/main/java/com/shatteredpixel/shatteredpixeldungeon/ui/BadgesList.java	9975862d95e161c5caa594fa5aaa7663d33c08c97df36ef341e7988acc65b2ac	unported	-
core/src/main/java/com/shatteredpixel/shatteredpixeldungeon/ui/Banner.java	a0ddfd483bf26e707552e4bb29f966a7e59cfd0b749c0c192c4808c7da224645	unported	-
core/src/main/java/com/shatteredpixel/shatteredpixeldungeon/ui/BossHealthBar.java	eb3f6a31a0573480408aff82a5db3906df4929604d7f4667729751413703e308	unported	-
core/src/main/java/com/shatteredpixel/shatteredpixeldungeon/ui/BuffIcon.java	1320515e243ef18ac65c28e2c22c0e976772e2eb94cf40ad6e302224e0228b28	unported	-
core/src/main/java/com/shatteredpixel/shatteredpixeldungeon/ui/BuffIndicator.java	2547348cf0336ca5de257e7ac02a7a69e0f8ed23e2f40054c4ef30550a5bf8d4	unported	-
core/src/main/java/com/shatteredpixel/shatteredpixeldungeon/ui/BusyIndicator.java	4752471d048e5a4585f5c5a8b31e4b0a60f1483210e35bfeec08d8af2ab47a35	unported	-
core/src/main/java/com/shatteredpixel/shatteredpixeldungeon/ui/Button.java	acf8d44d762161207885c0c7dbba76b27eec626febf71993b9fb43e6273324eb	unported	-
core/src/main/java/com/shatteredpixel/shatteredpixeldungeon/ui/CharHealthIndicator.java	d30688cef10e74b9d6c9f7c850059ac1443f3f4f892eb77593a8fc091e61e6b3	unported	-
core/src/main/java/com/shatteredpixel/shatteredpixeldungeon/ui/CheckBox.java	36a5633a45e907ef29a29a8b926daa169b0477d957f6aebd794b272bb1d96c3f	unported	-
core/src/main/java/com/shatteredpixel/shatteredpixeldungeon/ui/Compass.java	35e2becccee8583e2867e77e34b2548ff86d31a30c132642012765d50d0554ce	unported	-
core/src/main/java/com/shatteredpixel/shatteredpixeldungeon/ui/CurrencyIndicator.java	00113078799fb098e4d007230de3853403bb45681fb2a7a3eed7bf72197a0b5a	unported	-
core/src/main/java/com/shatteredpixel/shatteredpixeldungeon/ui/CustomNoteButton.java	64ecb969fe959f8f724950225791e9cf32e754874b10d609826b68593de3ec0a	unported	-
core/src/main/java/com/shatteredpixel/shatteredpixeldungeon/ui/DangerIndicator.java	90aeff882725dffc879ac58b3b89d6f49ba1a33c885adfc6956f5a209b0912ab	unported	-
core/src/main/java/com/shatteredpixel/shatteredpixeldungeon/ui/ExitButton.java	dbdaa8e24de00d762646d41b20267a56f5a414248cacf06c26dfdc51b10b3dcb	unported	-
core/src/main/java/com/shatteredpixel/shatteredpixeldungeon/ui/GameLog.java	5771400f89b16ebaef19806307948590bf8e76ec45e1e68b21d1ec65744bdd54	unported	-
core/src/main/java/com/shatteredpixel/shatteredpixeldungeon/ui/HealthBar.java	00fdb0e14d3b80d97a4135a937aeeb80f7514286f7af8b7d3d33af1e4de3ad49	unported	-
core/src/main/java/com/shatteredpixel/shatteredpixeldungeon/ui/HeroIcon.java	8e7603e27b25f71e426994fb1a407b47d8020897e077a22f568dfad9327a4b1f	unported	-
core/src/main/java/com/shatteredpixel/shatteredpixeldungeon/ui/IconButton.java	1a7a48cc2bd21dc2e6bf4a5029973449291db023f193408c52e975a58d589c92	unported	-
core/src/main/java/com/shatteredpixel/shatteredpixeldungeon/ui/Icons.java	42f93c2f8b627b4cd69094e4c385dbc8292b3054a09b068f59096a34ecea09e5	unported	-
core/src/main/java/com/shatteredpixel/shatteredpixeldungeon/ui/InventoryPane.java	fdf7151544073f2ed238f29e9c62dd98e1e7f3821995256ef94cb4de531a4f0a	unported	-
core/src/main/java/com/shatteredpixel/shatteredpixeldungeon/ui/InventorySlot.java	0a27cab49b2a39d47e02d2796f8d021b30c76f86c3f53d8281811285613255c0	unported	-
core/src/main/java/com/shatteredpixel/shatteredpixeldungeon/ui/ItemButton.java	9be79145c56b777ac91c0decc2ba193dc7b96c5198af5225b5ce30d6ec7d2fff	unported	-
core/src/main/java/com/shatteredpixel/shatteredpixeldungeon/ui/ItemJournalButton.java	489ee658ba6b614dfbf24f808ea8a66817f44c831fce31e964f02499a11c0ee9	unported	-
core/src/main/java/com/shatteredpixel/shatteredpixeldungeon/ui/ItemSlot.java	b5b9405a0f3ea1fa4f5893c690f8bb7e436fd8fa57e69a47de8b0d13004e75a8	unported	-
core/src/main/java/com/shatteredpixel/shatteredpixeldungeon/ui/KeyDisplay.java	16d836bf60e8e44f5c95b49629da4acbc3e86857bc0531cd1eedf3598c42e36d	unported	-
core/src/main/java/com/shatteredpixel/shatteredpixeldungeon/ui/LootIndicator.java	ad7a689122498411b548101e5cb3c36778ffa05d671ab14085563318803f42c3	unported	-
core/src/main/java/com/shatteredpixel/shatteredpixeldungeon/ui/MenuPane.java	7469e82db685c4911a0c41a9f0c2744d3cddb3ed0d92419b489514bbafeabe67	unported	-
core/src/main/java/com/shatteredpixel/shatteredpixeldungeon/ui/OptionSlider.java	9d6b46d7d5cc367c773c9096c3bb0b243ee37d3897093768228adb9ecd2a8388	unported	-
core/src/main/java/com/shatteredpixel/shatteredpixeldungeon/ui/QuickRecipe.java	c660e88e1373c054442db5cef2db8610bb14d848a1ac47fe2922b71eaf578f0d	unported	-
core/src/main/java/com/shatteredpixel/shatteredpixeldungeon/ui/QuickSlotButton.java	68bc8224d8366232717b838afe02ec0e6f1bc460546dba11653b0388d9ae26a0	unported	-
core/src/main/java/com/shatteredpixel/shatteredpixeldungeon/ui/RadialMenu.java	dc4cfa93da811a466024f93b16706ed72fa4cc96b6736e642f952bf99eee8574	unported	-
core/src/main/java/com/shatteredpixel/shatteredpixeldungeon/ui/RedButton.java	8d962abd92d336754fbe0551c49f149b526a0e9251c6828c6f3eddec88b729ef	unported	-
core/src/main/java/com/shatteredpixel/shatteredpixeldungeon/ui/RenderedTextBlock.java	37b054d6025d856969faaf47e7ef9fc109afcf1d785c02a46907ded5acd2d216	unported	-
core/src/main/java/com/shatteredpixel/shatteredpixeldungeon/ui/ResumeIndicator.java	4bad2d94324fe460afbba6aba35a9f1919fefb5e68c65875fb5eadc3aa11f5ec	unported	-
core/src/main/java/com/shatteredpixel/shatteredpixeldungeon/ui/RightClickMenu.java	e78826ed3c3cac2dd8c43b9492dcc83be0173b92e180eaaa556ca7b19437b722	unported	-
core/src/main/java/com/shatteredpixel/shatteredpixeldungeon/ui/ScrollPane.java	4d2bdfacdb0e29c3836b5877083842b5883a75fcb0f12a7442c786f2cc7446fd	unported	-
core/src/main/java/com/shatteredpixel/shatteredpixeldungeon/ui/ScrollingGridPane.java	3b2ec032bb4b35290bde6a932448f0902345cbeebbba8a326c34ea46f94dbc5f	unported	-
core/src/main/java/com/shatteredpixel/shatteredpixeldungeon/ui/ScrollingListPane.java	62169f6c3c4be1ea66800e4099f6a7faa2bb6af0c3fd62c6c7f84f842e573678	unported	-
core/src/main/java/com/shatteredpixel/shatteredpixeldungeon/ui/StatusPane.java	97b71764adf9cf5d98a4c5b969b4e0c4e596fb80a0806492168153bb7301828b	unported	-
core/src/main/java/com/shatteredpixel/shatteredpixeldungeon/ui/StyledButton.java	58b9db833d786a25e85bacc4492e31094fe21b8dc771a12ae5a363b5a01451da	unported	-
core/src/main/java/com/shatteredpixel/shatteredpixeldungeon/ui/Tag.java	fd7fd27b843325a0a000b9cf7221176ee88baf7707b1ab8842c4f9f5afa93e58	unported	-
core/src/main/java/com/shatteredpixel/shatteredpixeldungeon/ui/TalentButton.java	7a59487bb17c942459bc5e72bb473b9affc2cc717f6ed4dd919b86aab9cc1f4d	unported	-
core/src/main/java/com/shatteredpixel/shatteredpixeldungeon/ui/TalentIcon.java	131b11482387dc8525bbeb2b66732ab2bff1fbe44dc46fc8f5ad887a163a6c70	unported	-
core/src/main/java/com/shatteredpixel/shatteredpixeldungeon/ui/TalentsPane.java	2ca11ad4f52aba1fbc1c1ae148b0d9127eee94c57b53531509adaab88897f94d	unported	-
core/src/main/java/com/shatteredpixel/shatteredpixeldungeon/ui/TargetHealthIndicator.java	19f17803cb779d9b809220863d9b3aaea273f564fab4ba6b1dc2f9c39332d7b6	unported	-
core/src/main/java/com/shatteredpixel/shatteredpixeldungeon/ui/TitleBackground.java	d403a54dc8e75bf04db0baf423ebd66d2687a4a99160629f29d10e3d9f8337f6	unported	-
core/src/main/java/com/shatteredpixel/shatteredpixeldungeon/ui/Toast.java	73d241888e550dfc152815737eefd7c178899e028c2aea3f879b4a8b4adffd84	unported	-
core/src/main/java/com/shatteredpixel/shatteredpixeldungeon/ui/Toolbar.java	950885293c6222ef25d33409b839b60a9ad7bf9a82320725c29b73739f95d44a	unported	-
core/src/main/java/com/shatteredpixel/shatteredpixeldungeon/ui/Tooltip.java	105c54f5c0086d244c9a49faa654052e6208ed9539639bd7d9e40f3be61121b1	unported	-
core/src/main/java/com/shatteredpixel/shatteredpixeldungeon/ui/Window.java	9029ad7a8c68dbefab0e37e058147783d7d395b26ee6c3ee16e5cd2cb66cb4c4	unported	-
core/src/main/java/com/shatteredpixel/shatteredpixeldungeon/ui/changelist/ChangeButton.java	dfb42792772d646c06f179fa7fbdc6dba5b8d1ce0e2d051a773b25f41b3fe58d	unported	-
core/src/main/java/com/shatteredpixel/shatteredpixeldungeon/ui/changelist/ChangeIcons.java	2688faae47bd898e9e075d85cf3e37885276f689405db18211082150a66faf59	unported	-
core/src/main/java/com/shatteredpixel/shatteredpixeldungeon/ui/changelist/ChangeInfo.java	27b3f86aae118d5b9535fc9321076fed48e0c150ffd8de013b9c12b4dcc3f938	unported	-
core/src/main/java/com/shatteredpixel/shatteredpixeldungeon/ui/changelist/Pixel_Dungeon_Changes.java	58146da9c534d150d5a29b745d44a07d85ad8712711aa5cee918b8350140e07b	unported	-
core/src/main/java/com/shatteredpixel/shatteredpixeldungeon/ui/changelist/WndChanges.java	59bacb6873ae244c01c0ffe1bde279cb621a73dfdbf37cc2045899527d5f5b03	unported	-
core/src/main/java/com/shatteredpixel/shatteredpixeldungeon/ui/changelist/WndChangesTabbed.java	623c67daa4bdcfafacb8e9663da4fa8d80c911358d06ce8222fe38defebbf3ad	unported	-
core/src/main/java/com/shatteredpixel/shatteredpixeldungeon/ui/changelist/v0_1_X_Changes.java	7b8f16aedb0b6c1202891077435553112f6771bf1c756c85acb4135558f96104	unported	-
core/src/main/java/com/shatteredpixel/shatteredpixeldungeon/ui/changelist/v0_2_X_Changes.java	99067f487bad49016f49c41a03d5da23ad9e5ef8e1f3877451d933a0c4dc9fbd	unported	-
core/src/main/java/com/shatteredpixel/shatteredpixeldungeon/ui/changelist/v0_3_X_Changes.java	a86cfcc104a716f5caec0bff705c5f43e7d947b0c758537fb965e65b29d9663c	unported	-
core/src/main/java/com/shatteredpixel/shatteredpixeldungeon/ui/changelist/v0_4_X_Changes.java	9c5d54295a5c2b67e6c226b17a35d34920b3be44245e79c418ebaf0cf660a48c	unported	-
core/src/main/java/com/shatteredpixel/shatteredpixeldungeon/ui/changelist/v0_5_X_Changes.java	e5a402dff8f9efac719bbeaa240ad9a049206ee9f24e853c049a4e622741347e	unported	-
core/src/main/java/com/shatteredpixel/shatteredpixeldungeon/ui/changelist/v0_6_X_Changes.java	d48d2f823fd34d3c13a2ecbdd8b5801c9866615807aaee8146c4836d05d94ecd	unported	-
core/src/main/java/com/shatteredpixel/shatteredpixeldungeon/ui/changelist/v0_7_X_Changes.java	840942d7a544faa1611fc7dff9c245c04fd6a72e4432d22744493c45d9ee4e96	unported	-
core/src/main/java/com/shatteredpixel/shatteredpixeldungeon/ui/changelist/v0_8_X_Changes.java	8505539ba91798ad0c9ce32b34fc5540409ab2e8aa4fcdf61821281aa204c6c2	unported	-
core/src/main/java/com/shatteredpixel/shatteredpixeldungeon/ui/changelist/v0_9_X_Changes.java	19e765e99da047c01727d2122fcbd0da9caf68a061d8f9b3e59f414f78cc4458	unported	-
core/src/main/java/com/shatteredpixel/shatteredpixeldungeon/ui/changelist/v1_X_Changes.java	4a3f68c5e3e013f9524b45cdf29ce216da73890c01d77f948136dd350d493672	unported	-
core/src/main/java/com/shatteredpixel/shatteredpixeldungeon/ui/changelist/v2_X_Changes.java	2cd3dfe714e4d4eb0f9f9f6a71450fd18fb9ba7d8b643743b9f4a85cf2a8727d	unported	-
core/src/main/java/com/shatteredpixel/shatteredpixeldungeon/ui/changelist/v3_X_Changes.java	addf245fefc28ad7102afc3d9443c9a3e650ff90e71865f76444f3a049d6a211	unported	-
core/src/main/java/com/shatteredpixel/shatteredpixeldungeon/ui/changelist/v4_X_Changes.java	e6d05465f70f7ee0111f81515d188fa78870d344e85839372096fb2198f86aea	unported	-
core/src/main/java/com/shatteredpixel/shatteredpixeldungeon/utils/DungeonSeed.java	c39b92df5aa5f6a1fae46f10e4e17b328c72d061e9db336ad5b9a02026dd28f5	unported	-
core/src/main/java/com/shatteredpixel/shatteredpixeldungeon/utils/GLog.java	4c736b523664671eaab433d09d73fd3c7a97c51a0a247ff90eb9b65a8d4930b6	unported	-
core/src/main/java/com/shatteredpixel/shatteredpixeldungeon/utils/Holiday.java	47da2045b53a62b40e84ac719cbf6bc06dd7f95af01bbcbec024c14fcb75f7d6	unported	-
core/src/main/java/com/shatteredpixel/shatteredpixeldungeon/windows/IconTitle.java	f9abfda62f277ce6290ab45fa8f12fa29aa70c168a702c4cffeee71a75db96eb	unported	-
core/src/main/java/com/shatteredpixel/shatteredpixeldungeon/windows/WndBadge.java	e3fbfe819b102a6b4f973e3b3cb5a19e6fe7a5575c0713bda0e0fa17c0e92ffc	unported	-
core/src/main/java/com/shatteredpixel/shatteredpixeldungeon/windows/WndBag.java	49aff2e1690d9a80f3376b80a8d42f64698f3cfbefd9dfe90f5caea43afa5fd3	unported	-
core/src/main/java/com/shatteredpixel/shatteredpixeldungeon/windows/WndBlacksmith.java	497f58c00ebe62d1ea48be76524fa5f8403a0c4a5aa5f51cc3f0f92b0fee47bf	unported	-
core/src/main/java/com/shatteredpixel/shatteredpixeldungeon/windows/WndChallenges.java	8f1cf2c80c57b84632bd8136991b8a1afc47edde9b1a6b1ffbfc424b12a9f971	unported	-
core/src/main/java/com/shatteredpixel/shatteredpixeldungeon/windows/WndChooseAbility.java	ff18eaaa726fe36912450085a3cfd46adbcb9d4371b53c6c663c99f34fd4e5cc	unported	-
core/src/main/java/com/shatteredpixel/shatteredpixeldungeon/windows/WndChooseSubclass.java	8c2822ceb9b5fb00452a81ec899f0d24815cb3e85bdbcdac129070c082107cf8	unported	-
core/src/main/java/com/shatteredpixel/shatteredpixeldungeon/windows/WndClericSpells.java	df32f10fc5e17afc4a4c97cb2891e8879d5d6477658945f9072120dc4aea5376	unported	-
core/src/main/java/com/shatteredpixel/shatteredpixeldungeon/windows/WndCombo.java	dc0cd266c8c7156158d3f82d16d327dcd1171637b3b62bc489d4cc621301896d	unported	-
core/src/main/java/com/shatteredpixel/shatteredpixeldungeon/windows/WndDailies.java	f5ebb9d9b40006cc07b233f375c8b91e6159d31203734269797011ce0eab9d75	unported	-
core/src/main/java/com/shatteredpixel/shatteredpixeldungeon/windows/WndDocument.java	9f4e8a3bc50abccd840f88857151e75016863fdef1c6ced35bc6c07fdb9fa9a2	unported	-
core/src/main/java/com/shatteredpixel/shatteredpixeldungeon/windows/WndEnergizeItem.java	940845af8eb4f9b2df24e6d206325e212e60a4c9e256605421725f986110c7a0	unported	-
core/src/main/java/com/shatteredpixel/shatteredpixeldungeon/windows/WndError.java	e5accc50fa41ad1264ab3e249ebea1d818c7abbab34f56e0e9dfc1a398f7a857	unported	-
core/src/main/java/com/shatteredpixel/shatteredpixeldungeon/windows/WndGame.java	1cba829ac5bf4ca6bc34006d990f072c7c4cf2e5770cc9c1ece2ac9e0a97b9b6	unported	-
core/src/main/java/com/shatteredpixel/shatteredpixeldungeon/windows/WndGameInProgress.java	234c6aa3398bbe2b5f62fbc568640bef4acf1e710ba41322a96e5b1df99a1774	unported	-
core/src/main/java/com/shatteredpixel/shatteredpixeldungeon/windows/WndHardNotification.java	ab21f58d2cf3041f91da7b9e904e4e82170b7959253d5952c6dc82b161f88510	unported	-
core/src/main/java/com/shatteredpixel/shatteredpixeldungeon/windows/WndHero.java	e479fd016e37a4ea6944d2f70601a91e59cba3cdde76a433ed8b71826016a1d3	unported	-
core/src/main/java/com/shatteredpixel/shatteredpixeldungeon/windows/WndHeroInfo.java	5c8722ecf6cac06bb0d3d0f674d9ed9d7a90b212458d100f1a2bfe57d3c18765	unported	-
core/src/main/java/com/shatteredpixel/shatteredpixeldungeon/windows/WndImpOld.java	431839a30b6d6c0794a7403d2deff2abfca3fec23883ba1e539b226817c693be	unported	-
core/src/main/java/com/shatteredpixel/shatteredpixeldungeon/windows/WndInfoArmorAbility.java	6692c48bb5736867ce139288a7a1afec32c320a1a487a7c1a9bb08e44a9778cb	unported	-
core/src/main/java/com/shatteredpixel/shatteredpixeldungeon/windows/WndInfoBuff.java	c9e695f2e622ea68697de416028f084d790695f9c3c7b02bee5b564466d1aef1	unported	-
core/src/main/java/com/shatteredpixel/shatteredpixeldungeon/windows/WndInfoCell.java	947bca6b1594ee3fd345242bdae8b95867edd6ed5b92063689aa6b4f5da9c9b4	unported	-
core/src/main/java/com/shatteredpixel/shatteredpixeldungeon/windows/WndInfoItem.java	0fb27867a5eb068cff2f51e255203d297283758493fecc086cf44bb0114a5ff6	unported	-
core/src/main/java/com/shatteredpixel/shatteredpixeldungeon/windows/WndInfoMob.java	3560aed4c9ba9a67f308a4e47a87cfaad70b1a0c6f013f6a65e53e43b2a85b7b	unported	-
core/src/main/java/com/shatteredpixel/shatteredpixeldungeon/windows/WndInfoPlant.java	dbf5863c64566e41570ebc2141918ad6d98adf83d84803a25e800a10d5947fb9	unported	-
core/src/main/java/com/shatteredpixel/shatteredpixeldungeon/windows/WndInfoSubclass.java	b08f5a4fbf37e526e1f021bc01a60289b63877903abba84f2d770c81577ef92a	unported	-
core/src/main/java/com/shatteredpixel/shatteredpixeldungeon/windows/WndInfoTalent.java	20da6f9c501d391aa5158b045135fc17ee1f24e03bb550a387b95f59183dd09c	unported	-
core/src/main/java/com/shatteredpixel/shatteredpixeldungeon/windows/WndInfoTrap.java	79bd68da09ade5bdef6cf5c729900ae28d1559cff696a482391c7e23a4e2d3d2	unported	-
core/src/main/java/com/shatteredpixel/shatteredpixeldungeon/windows/WndJournal.java	e37af37e7e6b6533a203220d67fb57e2626507af43b2fe2349717d024cd67c07	unported	-
core/src/main/java/com/shatteredpixel/shatteredpixeldungeon/windows/WndJournalItem.java	51efda388fdaff99d1bcef7a5b94113a1d298d5ea30450ea3f29fdefadd76a97	unported	-
core/src/main/java/com/shatteredpixel/shatteredpixeldungeon/windows/WndKeyBindings.java	02ad465ed932fc4852618830ebebd155148aa5069aa7575a70469bab1333de1d	unported	-
core/src/main/java/com/shatteredpixel/shatteredpixeldungeon/windows/WndList.java	04d529a7eba6914053253183deb0730e6fe9bfcf1b2fdee2924bc125fda372ad	unported	-
core/src/main/java/com/shatteredpixel/shatteredpixeldungeon/windows/WndMessage.java	08dc013b9b2b524eeac9136c33bc54fb0f5c731f308c15cda712b7cfc89eca87	unported	-
core/src/main/java/com/shatteredpixel/shatteredpixeldungeon/windows/WndMonkAbilities.java	4b0cc83a0678b9630522d42bdc7794c9f2e308384ce1806258c7af117bf80a56	unported	-
core/src/main/java/com/shatteredpixel/shatteredpixeldungeon/windows/WndOptions.java	004eee500b18e1545493c1d7f4ddb1024f583ecff687ea52aea6170d242cd0a0	unported	-
core/src/main/java/com/shatteredpixel/shatteredpixeldungeon/windows/WndOptionsCondensed.java	1924478fc04e6b29fbf68436f43fdc1ee660296196968ab9f4dd382e5eeba882	unported	-
core/src/main/java/com/shatteredpixel/shatteredpixeldungeon/windows/WndQuest.java	fbd9af4f1da080f3c03ec32551bb1093da4524a18e066fab8fb7555b17cf7947	unported	-
core/src/main/java/com/shatteredpixel/shatteredpixeldungeon/windows/WndQuickBag.java	5a127579a103702b86fdc56f8367851f41a40b16067560c4408d24f31a8cd024	unported	-
core/src/main/java/com/shatteredpixel/shatteredpixeldungeon/windows/WndRanking.java	849dc0e94ad210963332ad1725e18357e5edfea99c09ce7f0b6c2a7f0adc4d8b	unported	-
core/src/main/java/com/shatteredpixel/shatteredpixeldungeon/windows/WndResurrect.java	bfb47bd708baf9e0ef04895553286e17f5507b81e5d9e7a0296f760ea82d1601	unported	-
core/src/main/java/com/shatteredpixel/shatteredpixeldungeon/windows/WndSadGhost.java	0c9b58c9d8bd5f02d434329c0d8f62d7d3d28146c6724dad90bcc293cbbf91d0	unported	-
core/src/main/java/com/shatteredpixel/shatteredpixeldungeon/windows/WndScoreBreakdown.java	ebf45e2761bb591fef4505eecb56216e93d5a3df016a2c67ea7ce24c2a6915c3	unported	-
core/src/main/java/com/shatteredpixel/shatteredpixeldungeon/windows/WndSettings.java	d2583bcd1affc186039725410ae0091a56315f7c0df77368911c4c1b3918602b	unported	-
core/src/main/java/com/shatteredpixel/shatteredpixeldungeon/windows/WndStory.java	3ca73c150cf6350e17fef604feb27655a20dabe1c72270a1ac6184a0688faa50	unported	-
core/src/main/java/com/shatteredpixel/shatteredpixeldungeon/windows/WndSupportPrompt.java	327a15352659b1f473956e0c12a6e77d88a5bb6e237fc5d09409f69cd71f5ce5	unported	-
core/src/main/java/com/shatteredpixel/shatteredpixeldungeon/windows/WndTabbed.java	a06d654b26b5869ff69e276caa1b5c3df841c0c2ae25abc43844e1c2e08aaf49	unported	-
core/src/main/java/com/shatteredpixel/shatteredpixeldungeon/windows/WndTextInput.java	50f492a7fe4a0ff3e54849a3ecbf7d33a4333c7a3e1f12852608a50a87b121d0	unported	-
core/src/main/java/com/shatteredpixel/shatteredpixeldungeon/windows/WndTitledMessage.java	91d0fbf05f7584949eb4cb7c31fa626662a0d6fed2ba69b04c3bae6460a3a345	unported	-
core/src/main/java/com/shatteredpixel/shatteredpixeldungeon/windows/WndTradeItem.java	5466ef549869816872404037c334adc0270bddfd57270d91d9fce17df960c257	unported	-
core/src/main/java/com/shatteredpixel/shatteredpixeldungeon/windows/WndUpgrade.java	f8ab755b75257a4c21fc2a2b5390d4a936f4cbdbefa7e138352ca3ff7bc2b74f	unported	-
core/src/main/java/com/shatteredpixel/shatteredpixeldungeon/windows/WndUseItem.java	baa92479e1e3d2b5b7d94e5554c28201c17252ea645936596bc3569a9dca33ea	unported	-
core/src/main/java/com/shatteredpixel/shatteredpixeldungeon/windows/WndVictoryCongrats.java	dd370c403632c80c153358904df5c5789d98b939276f2fd0a646f2eaf4775daa	unported	-
core/src/main/java/com/shatteredpixel/shatteredpixeldungeon/windows/WndWandmaker.java	8251aa900034a497893fb93a6292e9060a7b4745766ace6bd55ff7b71a2e909a	unported	-
desktop/src/main/java/com/shatteredpixel/shatteredpixeldungeon/desktop/DesktopLaunchValidator.java	9ee23c33066924515569d865aff778e3e4ee3532d94d43dcca084bd5159c478b	unported	-
desktop/src/main/java/com/shatteredpixel/shatteredpixeldungeon/desktop/DesktopLauncher.java	9d8a4bcb37dc4b63d1e5db4ce84d5d84f4441c1ba627332356af2a7e7d90831f	unported	-
desktop/src/main/java/com/shatteredpixel/shatteredpixeldungeon/desktop/DesktopPlatformSupport.java	9caa552aca4ed3ac28347f578ca93648d076090bd0919f6d7a986129e3fca2ce	unported	-
desktop/src/main/java/com/shatteredpixel/shatteredpixeldungeon/desktop/DesktopWindowListener.java	3125e9980c33d3e0da6cec49f6e914b1a720d10c706f54f4620507246e1f7a83	unported	-
ios/src/main/java/com/shatteredpixel/shatteredpixeldungeon/ios/IOSLauncher.java	3687210d85efb328a3e8bd2f928c2b2bb1d6380257219c44b0cd4868513e9e27	unported	-
ios/src/main/java/com/shatteredpixel/shatteredpixeldungeon/ios/IOSPlatformSupport.java	758717bca01c8e5fd62abd10604f56c5ec41a41ce0d73b313f617f4c1ec71244	unported	-
services/news/debugNews/src/main/java/com/shatteredpixel/shatteredpixeldungeon/services/news/DebugNews.java	4f7e55f8ae0de43d7551c9e07cce67cddb7018240acf8684a66c6d752d435999	unported	-
services/news/debugNews/src/main/java/com/shatteredpixel/shatteredpixeldungeon/services/news/NewsImpl.java	7ad8dcb77b88b5d1ed1c005f07771a6b1667f24a813b21ace9e63f984ae54ac9	unported	-
services/news/shatteredNews/src/main/java/com/shatteredpixel/shatteredpixeldungeon/services/news/NewsImpl.java	04729586f90787c3c1b2380b28aff32783d778a1212167f6dce4cb789011cfdf	unported	-
services/news/shatteredNews/src/main/java/com/shatteredpixel/shatteredpixeldungeon/services/news/ShatteredNews.java	a7afd6c2aebf308218a1e91dd476eecd9a70f59ff1ea9a65039159bbad0f6971	unported	-
services/src/main/java/com/shatteredpixel/shatteredpixeldungeon/services/news/NewsArticle.java	3688f7f7e264254b093fc30b6eb86b537a61dc5229c964f04eff5fb1c3ebfcc2	unported	-
services/src/main/java/com/shatteredpixel/shatteredpixeldungeon/services/news/NewsService.java	bb1859045cb990b4aa4401072ff8a6bb836cde1c6aeb1fe30cce0e6fd22c5dc1	unported	-
services/src/main/java/com/shatteredpixel/shatteredpixeldungeon/services/updates/AvailableUpdateData.java	7cd18b92fc495f995fb6e9d2bfc2806c38e431c996717e59f3304e1dab1922bc	unported	-
services/src/main/java/com/shatteredpixel/shatteredpixeldungeon/services/updates/UpdateService.java	ed3e758fb40ebae2f63d7d0228354e6bb0d8c43e8afeb61eed3b182f76018554	unported	-
services/updates/debugUpdates/src/main/java/com/shatteredpixel/shatteredpixeldungeon/services/updates/DebugUpdates.java	be58c181a33ae06bdcbf46603e483fe0fc9250a3e65619fd4817f9c8e2e7244a	unported	-
services/updates/debugUpdates/src/main/java/com/shatteredpixel/shatteredpixeldungeon/services/updates/UpdateImpl.java	978d59eddc25cc3cc405846b8c247ac071213395aa6daf260a31668795b84321	unported	-
services/updates/githubUpdates/src/main/java/com/shatteredpixel/shatteredpixeldungeon/services/updates/GitHubUpdates.java	79cf2f24e6506a4828d7cac0adf8e79758d2228d8ad9823a17538a0ac8a09b24	unported	-
services/updates/githubUpdates/src/main/java/com/shatteredpixel/shatteredpixeldungeon/services/updates/UpdateImpl.java	d9bef1e200fc39572d55c2a12b983e5c2270c391ec5a2aa420787ab59a4a1ca1	unported	-
